source,sourceName,control,controlName,label,visibleAtCapture,type,to,destinationName,destinationCaptured,conditions
"7:423","Circles / Home","7:446","Invitation","J | Jordan invited you | Join Game night | View","true","NAVIGATE","515:1456","Circle Invite / Game Night","true","[]"
"7:423","Circles / Home","7:452","Vector","","true","NAVIGATE","515:1456","Circle Invite / Game Night","true","[]"
"7:423","Circles / Home","7:453","View","View","true","NAVIGATE","515:1456","Circle Invite / Game Night","true","[]"
"7:423","Circles / Home","7:536","Circle Card / State=Default","A | Apartment crew | 4 people · 1 card · 2 bills | M | T | S","true","NAVIGATE","218:314","Circle Detail / Overview","true","[]"
"7:423","Circles / Home","7:557","Circle Card / State=Default","F | Family circle | 5 people · 1 card | J | M | T | +2","true","NAVIGATE","371:521","Circle Detail / Family Circle","true","[]"
"7:423","Circles / Home","1555:19236","Global / You","You","true","NAVIGATE","652:2589","You / Settings","true","[]"
"7:423","Circles / Home","177:178","Circle Card / State=Default / Study group"," | Study group | 3 people · 1 card · 1 bill | J | M | T","true","NAVIGATE","371:551","Circle Detail / Study Group","true","[]"
"7:423","Circles / Home","185:262","Create Action / FAB","","true","OVERLAY","199:266","Circles / Create Popup Overlay - Closed","true","[]"
"7:423","Circles / Home","I1210:7212;1207:6347","Tab / Cards","Cards","true","NAVIGATE","547:1625","Cards / Home","true","[]"
"7:423","Circles / Home","I1210:7212;1207:6352","Tab / Bills","Bills","true","NAVIGATE","714:2708","Bills / Home","true","[]"
"7:423","Circles / Home","I1210:7212;1207:6357","Tab / Splitfinder","Splitfinder","true","NAVIGATE","1209:6796","Splitfinder / Browse Spaces","true","[{""branchIndex"":0,""when"":""$VariableID:1207:6491""}]"
"7:423","Circles / Home","I1210:7212;1207:6357","Tab / Splitfinder","Splitfinder","true","NAVIGATE","1209:6717","Splitfinder / Welcome","true","[{""branchIndex"":1,""when"":""ELSE (previous branches did not match)""}]"
"7:423","Circles / Home","1555:19239","Global / Open Inbox","","true","NAVIGATE","1209:7268","Inbox / Inbox Messages","true","[]"
"7:423","Circles / Home","1555:19824","Updates / Waiting for acceptance","Internet bill | Apartment crew | Awaiting acceptance | View proposal ›","true","NAVIGATE","1555:19881","Bill host / Proposal responses / Waiting for Maya","true","[]"
"199:266","Circles / Create Popup Overlay - Closed","199:266","Circles / Create Popup Overlay - Closed","Create something new | New Circle | Start a shared group of people. | › | New Card | Create a lightweight card shell. | New Bill | Set up a shared bill and review splits. | New Goal | Save toward a target or time-based goal.","true","SWAP","199:317","Circles / Create Popup Overlay - Open","true","[]"
"199:266","Circles / Create Popup Overlay - Closed","199:268","Create Menu / Default Overlay Instance","Create something new | New Circle | Start a shared group of people. | › | New Card | Create a lightweight card shell. | New Bill | Set up a shared bill and review splits. | New Goal | Save toward a target or time-based goal.","true","NAVIGATE","1056:5016","null","false","[]"
"199:266","Circles / Create Popup Overlay - Closed","I199:268;185:208","Create option / New Card","","true","NAVIGATE","854:3466","Create Card / Details","true","[]"
"199:317","Circles / Create Popup Overlay - Open","199:318","Overlay tap outside scrim","","true","CLOSE","","null","false","[]"
"199:317","Circles / Create Popup Overlay - Open","205:266","Popup inside tap shield","","true","SWAP","207:267","Circles / Create Popup Overlay - Open Stay","true","[]"
"199:317","Circles / Create Popup Overlay - Open","199:319","Create Menu / Default Overlay Instance","Create something new | New Circle | Start a shared group of people. | › | New Card | Create a lightweight card shell. | New Bill | Set up a shared bill and review splits. | New Goal | Save toward a target or time-based goal.","true","SWAP","1056:5016","null","false","[]"
"199:317","Circles / Create Popup Overlay - Open","I199:319;185:202","Create option / New Circle","","true","NAVIGATE","335:506","Create Circle / New Circle","true","[]"
"199:317","Circles / Create Popup Overlay - Open","I199:319;185:205","Title / New Circle","New Circle","true","NAVIGATE","335:506","Create Circle / New Circle","true","[]"
"199:317","Circles / Create Popup Overlay - Open","I199:319;185:206","Subtitle / New Circle","Start a shared group of people.","true","NAVIGATE","335:506","Create Circle / New Circle","true","[]"
"199:317","Circles / Create Popup Overlay - Open","I199:319;185:207","Chevron / New Circle","›","true","NAVIGATE","335:506","Create Circle / New Circle","true","[]"
"199:317","Circles / Create Popup Overlay - Open","I199:319;185:208","Create option / New Card","","true","NAVIGATE","854:3466","Create Card / Details","true","[]"
"199:317","Circles / Create Popup Overlay - Open","I199:319;189:201","Core Icon / Circles","","true","NAVIGATE","335:506","Create Circle / New Circle","true","[]"
"199:317","Circles / Create Popup Overlay - Open","794:3314","Hotspot / New Goal","","true","NAVIGATE","793:3211","Create Goal / Details","true","[]"
"207:267","Circles / Create Popup Overlay - Open Stay","207:268","Overlay tap outside scrim","","true","CLOSE","","null","false","[]"
"207:267","Circles / Create Popup Overlay - Open Stay","207:270","Create Menu / Default Overlay Instance","Create something new | New Circle | Start a shared group of people. | › | New Card | Create a lightweight card shell. | New Bill | Set up a shared bill and review splits. | New Goal | Save toward a target or time-based goal.","true","SWAP","1056:5016","null","false","[]"
"207:267","Circles / Create Popup Overlay - Open Stay","I207:270;185:202","Create option / New Circle","","true","NAVIGATE","335:506","Create Circle / New Circle","true","[]"
"207:267","Circles / Create Popup Overlay - Open Stay","I207:270;185:205","Title / New Circle","New Circle","true","NAVIGATE","335:506","Create Circle / New Circle","true","[]"
"207:267","Circles / Create Popup Overlay - Open Stay","I207:270;185:206","Subtitle / New Circle","Start a shared group of people.","true","NAVIGATE","335:506","Create Circle / New Circle","true","[]"
"207:267","Circles / Create Popup Overlay - Open Stay","I207:270;185:207","Chevron / New Circle","›","true","NAVIGATE","335:506","Create Circle / New Circle","true","[]"
"207:267","Circles / Create Popup Overlay - Open Stay","I207:270;185:208","Create option / New Card","","true","NAVIGATE","854:3466","Create Card / Details","true","[]"
"207:267","Circles / Create Popup Overlay - Open Stay","I207:270;189:201","Core Icon / Circles","","true","NAVIGATE","335:506","Create Circle / New Circle","true","[]"
"207:267","Circles / Create Popup Overlay - Open Stay","801:3486","Hotspot / New Goal","","true","NAVIGATE","793:3211","Create Goal / Details","true","[]"
"218:314","Circle Detail / Overview","280:417","Back Button","‹","true","NAVIGATE","7:423","Circles / Home","true","[]"
"218:314","Circle Detail / Overview","I1210:7249;1207:6339","Tab / Circles","Circles","true","NAVIGATE","7:423","Circles / Home","true","[]"
"218:314","Circle Detail / Overview","I1210:7249;1207:6347","Tab / Cards","Cards","true","NAVIGATE","547:1625","Cards / Home","true","[]"
"218:314","Circle Detail / Overview","I1210:7249;1207:6352","Tab / Bills","Bills","true","NAVIGATE","714:2708","Bills / Home","true","[]"
"218:314","Circle Detail / Overview","I1210:7249;1207:6357","Tab / Splitfinder","Splitfinder","true","NAVIGATE","1209:6796","Splitfinder / Browse Spaces","true","[{""branchIndex"":0,""when"":""$VariableID:1207:6491""}]"
"218:314","Circle Detail / Overview","I1210:7249;1207:6357","Tab / Splitfinder","Splitfinder","true","NAVIGATE","1209:6717","Splitfinder / Welcome","true","[{""branchIndex"":1,""when"":""ELSE (previous branches did not match)""}]"
"218:314","Circle Detail / Overview","1555:19837","Circle / Pending agreement explanation","Internet bill | Waiting for Maya to accept her updated share. | Current terms stay in place. | View proposal","true","NAVIGATE","1555:19881","Bill host / Proposal responses / Waiting for Maya","true","[]"
"218:314","Circle Detail / Overview","224:434","Connected Bill Row / Internet bill","Internet bill | Waiting for Maya’s acceptance | $84","true","NAVIGATE","1555:19881","Bill host / Proposal responses / Waiting for Maya","true","[]"
"218:314","Circle Detail / Overview","1570:18137","Attached card / Apartment","Apartment card | Available to spend | $357.89 | $130.00 reserved for bills ›","true","NAVIGATE","573:2058","Card Detail / Apartment","true","[]"
"335:506","Create Circle / New Circle","I335:506;333:476","Back button","‹","true","NAVIGATE","7:423","Circles / Home","true","[]"
"335:506","Create Circle / New Circle","I335:506;333:515","Add person chip","Add","true","OVERLAY","488:1134","Add People Overlay - Closed","true","[]"
"335:506","Create Circle / New Circle","I335:506;354:556;424:653","Members can invite people switch","","true","CHANGE_TO","424:646","null","false","[]"
"335:506","Create Circle / New Circle","I335:506;354:556;424:655","Require host approval switch","","true","CHANGE_TO","424:646","null","false","[]"
"335:506","Create Circle / New Circle","I335:506;354:556;424:657","Anonymous circle switch","","true","CHANGE_TO","424:648","null","false","[]"
"371:521","Circle Detail / Family Circle","371:522","Back Button","‹","true","NAVIGATE","7:423","Circles / Home","true","[]"
"371:521","Circle Detail / Family Circle","I1210:7278;1207:6339","Tab / Circles","Circles","true","NAVIGATE","7:423","Circles / Home","true","[]"
"371:521","Circle Detail / Family Circle","I1210:7278;1207:6347","Tab / Cards","Cards","true","NAVIGATE","547:1625","Cards / Home","true","[]"
"371:521","Circle Detail / Family Circle","I1210:7278;1207:6352","Tab / Bills","Bills","true","NAVIGATE","714:2708","Bills / Home","true","[]"
"371:521","Circle Detail / Family Circle","I1210:7278;1207:6357","Tab / Splitfinder","Splitfinder","true","NAVIGATE","1209:6796","Splitfinder / Browse Spaces","true","[{""branchIndex"":0,""when"":""$VariableID:1207:6491""}]"
"371:521","Circle Detail / Family Circle","I1210:7278;1207:6357","Tab / Splitfinder","Splitfinder","true","NAVIGATE","1209:6717","Splitfinder / Welcome","true","[{""branchIndex"":1,""when"":""ELSE (previous branches did not match)""}]"
"371:521","Circle Detail / Family Circle","1576:18149","Attached card / Family","Family card | Available to spend | $154.00 | Host | $86.00 reserved for bills ›","true","NAVIGATE","573:1920","Card Detail / Family","true","[]"
"371:551","Circle Detail / Study Group","371:552","Back Button","‹","true","NAVIGATE","7:423","Circles / Home","true","[]"
"371:551","Circle Detail / Study Group","I1210:7307;1207:6339","Tab / Circles","Circles","true","NAVIGATE","7:423","Circles / Home","true","[]"
"371:551","Circle Detail / Study Group","I1210:7307;1207:6347","Tab / Cards","Cards","true","NAVIGATE","547:1625","Cards / Home","true","[]"
"371:551","Circle Detail / Study Group","I1210:7307;1207:6352","Tab / Bills","Bills","true","NAVIGATE","714:2708","Bills / Home","true","[]"
"371:551","Circle Detail / Study Group","I1210:7307;1207:6357","Tab / Splitfinder","Splitfinder","true","NAVIGATE","1209:6796","Splitfinder / Browse Spaces","true","[{""branchIndex"":0,""when"":""$VariableID:1207:6491""}]"
"371:551","Circle Detail / Study Group","I1210:7307;1207:6357","Tab / Splitfinder","Splitfinder","true","NAVIGATE","1209:6717","Splitfinder / Welcome","true","[{""branchIndex"":1,""when"":""ELSE (previous branches did not match)""}]"
"427:662","Circles / Empty","427:684","Create Action / FAB","","true","OVERLAY","199:266","Circles / Create Popup Overlay - Closed","true","[]"
"427:662","Circles / Empty","1555:19244","Global / You","You","true","NAVIGATE","652:2589","You / Settings","true","[]"
"427:662","Circles / Empty","I1210:7336;1207:6339","Tab / Circles","Circles","true","NAVIGATE","7:423","Circles / Home","true","[]"
"427:662","Circles / Empty","I1210:7336;1207:6347","Tab / Cards","Cards","true","NAVIGATE","547:1625","Cards / Home","true","[]"
"427:662","Circles / Empty","I1210:7336;1207:6352","Tab / Bills","Bills","true","NAVIGATE","714:2708","Bills / Home","true","[]"
"427:662","Circles / Empty","I1210:7336;1207:6357","Tab / Splitfinder","Splitfinder","true","NAVIGATE","1209:6796","Splitfinder / Browse Spaces","true","[{""branchIndex"":0,""when"":""$VariableID:1207:6491""}]"
"427:662","Circles / Empty","I1210:7336;1207:6357","Tab / Splitfinder","Splitfinder","true","NAVIGATE","1209:6717","Splitfinder / Welcome","true","[{""branchIndex"":1,""when"":""ELSE (previous branches did not match)""}]"
"427:662","Circles / Empty","1555:19247","Global / Open Inbox","","true","NAVIGATE","1209:7268","Inbox / Inbox Messages","true","[]"
"434:660","Circles / No Attention","434:674","Circle Card / State=Default","A | Apartment crew | 4 people · 1 card · 2 bills | M | T | S","true","NAVIGATE","218:314","Circle Detail / Overview","true","[]"
"434:660","Circles / No Attention","434:675","Circle Card / State=Default","F | Family circle | 5 people · 1 card | J | M | T | +2","true","NAVIGATE","371:521","Circle Detail / Family Circle","true","[]"
"434:660","Circles / No Attention","434:681","Circle Card / State=Default / Study group"," | Study group | 3 people · 1 card · 1 bill | J | M | T","true","NAVIGATE","371:551","Circle Detail / Study Group","true","[]"
"434:660","Circles / No Attention","1555:19252","Global / You","You","true","NAVIGATE","652:2589","You / Settings","true","[]"
"434:660","Circles / No Attention","434:687","Create Action / FAB","","true","OVERLAY","199:266","Circles / Create Popup Overlay - Closed","true","[]"
"434:660","Circles / No Attention","I1210:7365;1207:6339","Tab / Circles","Circles","true","NAVIGATE","7:423","Circles / Home","true","[]"
"434:660","Circles / No Attention","I1210:7365;1207:6347","Tab / Cards","Cards","true","NAVIGATE","547:1625","Cards / Home","true","[]"
"434:660","Circles / No Attention","I1210:7365;1207:6352","Tab / Bills","Bills","true","NAVIGATE","714:2708","Bills / Home","true","[]"
"434:660","Circles / No Attention","I1210:7365;1207:6357","Tab / Splitfinder","Splitfinder","true","NAVIGATE","1209:6796","Splitfinder / Browse Spaces","true","[{""branchIndex"":0,""when"":""$VariableID:1207:6491""}]"
"434:660","Circles / No Attention","I1210:7365;1207:6357","Tab / Splitfinder","Splitfinder","true","NAVIGATE","1209:6717","Splitfinder / Welcome","true","[{""branchIndex"":1,""when"":""ELSE (previous branches did not match)""}]"
"434:660","Circles / No Attention","1555:19255","Global / Open Inbox","","true","NAVIGATE","1209:7268","Inbox / Inbox Messages","true","[]"
"463:750","Circle Detail / No Cards","463:751","Back Button","‹","true","NAVIGATE","7:423","Circles / Home","true","[]"
"463:750","Circle Detail / No Cards","I1210:7394;1207:6339","Tab / Circles","Circles","true","NAVIGATE","7:423","Circles / Home","true","[]"
"463:750","Circle Detail / No Cards","I1210:7394;1207:6347","Tab / Cards","Cards","true","NAVIGATE","547:1625","Cards / Home","true","[]"
"463:750","Circle Detail / No Cards","I1210:7394;1207:6352","Tab / Bills","Bills","true","NAVIGATE","714:2708","Bills / Home","true","[]"
"463:750","Circle Detail / No Cards","I1210:7394;1207:6357","Tab / Splitfinder","Splitfinder","true","NAVIGATE","1209:6796","Splitfinder / Browse Spaces","true","[{""branchIndex"":0,""when"":""$VariableID:1207:6491""}]"
"463:750","Circle Detail / No Cards","I1210:7394;1207:6357","Tab / Splitfinder","Splitfinder","true","NAVIGATE","1209:6717","Splitfinder / Welcome","true","[{""branchIndex"":1,""when"":""ELSE (previous branches did not match)""}]"
"488:1134","Add People Overlay - Closed","488:1134","Add People Overlay - Closed","Add people | Friends you have invited before | Search name, phone, or username | People you know | M | Maya | Apartment crew | Add | J | Jordan | Game night | T | Taylor | Study group | S | Sam | A | Alex | Family circle | N | Nia | Cookout crew | C | Chris | Roommates | P | Priya | Shared before","true","SWAP","488:1203","Add People Overlay - Compact Open","true","[]"
"488:1203","Add People Overlay - Compact Open","488:1204","Overlay tap outside scrim","","true","CLOSE","","null","false","[]"
"488:1203","Add People Overlay - Compact Open","490:1326","Popup inside tap shield","","true","SWAP","490:1331","Add People Overlay - Compact Tap Catch","true","[]"
"488:1203","Add People Overlay - Compact Open","I488:1205;467:840","Sheet handle","","true","SWAP","488:1272","Add People Overlay - Expanded Open","true","[]"
"488:1203","Add People Overlay - Compact Open","I488:1205;467:843","Search surface","","true","SWAP","488:1272","Add People Overlay - Expanded Open","true","[]"
"488:1203","Add People Overlay - Compact Open","I488:1205;467:844","Search placeholder","Search name, phone, or username","true","SWAP","488:1272","Add People Overlay - Expanded Open","true","[]"
"488:1203","Add People Overlay - Compact Open","I488:1205;470:922","Friend row / Maya","","true","NAVIGATE","542:1632","Create Circle / People Selected","true","[]"
"488:1203","Add People Overlay - Compact Open","I488:1205;470:927","Add button / Maya","","true","NAVIGATE","542:1632","Create Circle / People Selected","true","[]"
"488:1203","Add People Overlay - Compact Open","I488:1205;470:928","Add label / Maya","Add","true","NAVIGATE","542:1632","Create Circle / People Selected","true","[]"
"488:1203","Add People Overlay - Compact Open","I488:1205;470:929","Friend row / Jordan","","true","NAVIGATE","542:1632","Create Circle / People Selected","true","[]"
"488:1203","Add People Overlay - Compact Open","I488:1205;470:934","Add button / Jordan","","true","NAVIGATE","542:1632","Create Circle / People Selected","true","[]"
"488:1203","Add People Overlay - Compact Open","I488:1205;470:935","Add label / Jordan","Add","true","NAVIGATE","542:1632","Create Circle / People Selected","true","[]"
"488:1203","Add People Overlay - Compact Open","I488:1205;470:936","Friend row / Taylor","","true","NAVIGATE","542:1632","Create Circle / People Selected","true","[]"
"488:1203","Add People Overlay - Compact Open","I488:1205;470:941","Add button / Taylor","","true","NAVIGATE","542:1632","Create Circle / People Selected","true","[]"
"488:1203","Add People Overlay - Compact Open","I488:1205;470:942","Add label / Taylor","Add","true","NAVIGATE","542:1632","Create Circle / People Selected","true","[]"
"488:1203","Add People Overlay - Compact Open","I488:1205;470:943","Friend row / Sam","","true","NAVIGATE","542:1632","Create Circle / People Selected","true","[]"
"488:1203","Add People Overlay - Compact Open","I488:1205;470:948","Add button / Sam","","true","NAVIGATE","542:1632","Create Circle / People Selected","true","[]"
"488:1203","Add People Overlay - Compact Open","I488:1205;470:949","Add label / Sam","Add","true","NAVIGATE","542:1632","Create Circle / People Selected","true","[]"
"488:1203","Add People Overlay - Compact Open","I488:1205;470:950","Friend row / Alex","","true","NAVIGATE","542:1632","Create Circle / People Selected","true","[]"
"488:1203","Add People Overlay - Compact Open","I488:1205;470:955","Add button / Alex","","true","NAVIGATE","542:1632","Create Circle / People Selected","true","[]"
"488:1203","Add People Overlay - Compact Open","I488:1205;470:956","Add label / Alex","Add","true","NAVIGATE","542:1632","Create Circle / People Selected","true","[]"
"488:1203","Add People Overlay - Compact Open","I488:1205;470:957","Friend row / Nia","","true","NAVIGATE","542:1632","Create Circle / People Selected","true","[]"
"488:1203","Add People Overlay - Compact Open","I488:1205;470:962","Add button / Nia","","true","NAVIGATE","542:1632","Create Circle / People Selected","true","[]"
"488:1203","Add People Overlay - Compact Open","I488:1205;470:963","Add label / Nia","Add","true","NAVIGATE","542:1632","Create Circle / People Selected","true","[]"
"488:1203","Add People Overlay - Compact Open","I488:1205;470:964","Friend row / Chris","","true","NAVIGATE","542:1632","Create Circle / People Selected","true","[]"
"488:1203","Add People Overlay - Compact Open","I488:1205;470:969","Add button / Chris","","true","NAVIGATE","542:1632","Create Circle / People Selected","true","[]"
"488:1203","Add People Overlay - Compact Open","I488:1205;470:970","Add label / Chris","Add","true","NAVIGATE","542:1632","Create Circle / People Selected","true","[]"
"488:1203","Add People Overlay - Compact Open","I488:1205;470:971","Friend row / Priya","","true","NAVIGATE","542:1632","Create Circle / People Selected","true","[]"
"488:1203","Add People Overlay - Compact Open","I488:1205;470:976","Add button / Priya","","true","NAVIGATE","542:1632","Create Circle / People Selected","true","[]"
"488:1203","Add People Overlay - Compact Open","I488:1205;470:977","Add label / Priya","Add","true","NAVIGATE","542:1632","Create Circle / People Selected","true","[]"
"488:1203","Add People Overlay - Compact Open","I488:1205;477:961","Icon / Search","","true","SWAP","488:1272","Add People Overlay - Expanded Open","true","[]"
"488:1272","Add People Overlay - Expanded Open","488:1273","Overlay tap outside scrim","","true","CLOSE","","null","false","[]"
"488:1272","Add People Overlay - Expanded Open","490:1327","Popup inside tap shield","","true","SWAP","490:1335","Add People Overlay - Expanded Tap Catch","true","[]"
"488:1272","Add People Overlay - Expanded Open","I488:1274;484:1220","Sheet handle","","true","SWAP","488:1396","Add People Overlay - Closing Down","true","[]"
"488:1272","Add People Overlay - Expanded Open","I488:1274;484:1227","Friend row / Maya","","true","NAVIGATE","542:1632","Create Circle / People Selected","true","[]"
"488:1272","Add People Overlay - Expanded Open","I488:1274;484:1232","Add button / Maya","","true","NAVIGATE","542:1632","Create Circle / People Selected","true","[]"
"488:1272","Add People Overlay - Expanded Open","I488:1274;484:1233","Add label / Maya","Add","true","NAVIGATE","542:1632","Create Circle / People Selected","true","[]"
"488:1272","Add People Overlay - Expanded Open","I488:1274;484:1234","Friend row / Jordan","","true","NAVIGATE","542:1632","Create Circle / People Selected","true","[]"
"488:1272","Add People Overlay - Expanded Open","I488:1274;484:1239","Add button / Jordan","","true","NAVIGATE","542:1632","Create Circle / People Selected","true","[]"
"488:1272","Add People Overlay - Expanded Open","I488:1274;484:1240","Add label / Jordan","Add","true","NAVIGATE","542:1632","Create Circle / People Selected","true","[]"
"488:1272","Add People Overlay - Expanded Open","I488:1274;484:1241","Friend row / Taylor","","true","NAVIGATE","542:1632","Create Circle / People Selected","true","[]"
"488:1272","Add People Overlay - Expanded Open","I488:1274;484:1246","Add button / Taylor","","true","NAVIGATE","542:1632","Create Circle / People Selected","true","[]"
"488:1272","Add People Overlay - Expanded Open","I488:1274;484:1247","Add label / Taylor","Add","true","NAVIGATE","542:1632","Create Circle / People Selected","true","[]"
"488:1272","Add People Overlay - Expanded Open","I488:1274;484:1248","Friend row / Sam","","true","NAVIGATE","542:1632","Create Circle / People Selected","true","[]"
"488:1272","Add People Overlay - Expanded Open","I488:1274;484:1253","Add button / Sam","","true","NAVIGATE","542:1632","Create Circle / People Selected","true","[]"
"488:1272","Add People Overlay - Expanded Open","I488:1274;484:1254","Add label / Sam","Add","true","NAVIGATE","542:1632","Create Circle / People Selected","true","[]"
"488:1272","Add People Overlay - Expanded Open","I488:1274;484:1255","Friend row / Alex","","true","NAVIGATE","542:1632","Create Circle / People Selected","true","[]"
"488:1272","Add People Overlay - Expanded Open","I488:1274;484:1260","Add button / Alex","","true","NAVIGATE","542:1632","Create Circle / People Selected","true","[]"
"488:1272","Add People Overlay - Expanded Open","I488:1274;484:1261","Add label / Alex","Add","true","NAVIGATE","542:1632","Create Circle / People Selected","true","[]"
"488:1272","Add People Overlay - Expanded Open","I488:1274;484:1262","Friend row / Nia","","true","NAVIGATE","542:1632","Create Circle / People Selected","true","[]"
"488:1272","Add People Overlay - Expanded Open","I488:1274;484:1267","Add button / Nia","","true","NAVIGATE","542:1632","Create Circle / People Selected","true","[]"
"488:1272","Add People Overlay - Expanded Open","I488:1274;484:1268","Add label / Nia","Add","true","NAVIGATE","542:1632","Create Circle / People Selected","true","[]"
"488:1272","Add People Overlay - Expanded Open","I488:1274;484:1269","Friend row / Chris","","true","NAVIGATE","542:1632","Create Circle / People Selected","true","[]"
"488:1272","Add People Overlay - Expanded Open","I488:1274;484:1274","Add button / Chris","","true","NAVIGATE","542:1632","Create Circle / People Selected","true","[]"
"488:1272","Add People Overlay - Expanded Open","I488:1274;484:1275","Add label / Chris","Add","true","NAVIGATE","542:1632","Create Circle / People Selected","true","[]"
"488:1272","Add People Overlay - Expanded Open","I488:1274;484:1276","Friend row / Priya","","true","NAVIGATE","542:1632","Create Circle / People Selected","true","[]"
"488:1272","Add People Overlay - Expanded Open","I488:1274;484:1281","Add button / Priya","","true","NAVIGATE","542:1632","Create Circle / People Selected","true","[]"
"488:1272","Add People Overlay - Expanded Open","I488:1274;484:1282","Add label / Priya","Add","true","NAVIGATE","542:1632","Create Circle / People Selected","true","[]"
"488:1396","Add People Overlay - Closing Down","488:1396","Add People Overlay - Closing Down","Add people | Friends you have invited before | Search name, phone, or username | People you know | M | Maya | Apartment crew | Add | J | Jordan | Game night | T | Taylor | Study group | S | Sam | A | Alex | Family circle | N | Nia | Cookout crew | C | Chris | Roommates | P | Priya | Shared before","true","CLOSE","","null","false","[]"
"490:1331","Add People Overlay - Compact Tap Catch","490:1332","Overlay tap outside scrim","","true","CLOSE","","null","false","[]"
"490:1331","Add People Overlay - Compact Tap Catch","490:1333","Popup inside tap shield","","true","SWAP","488:1203","Add People Overlay - Compact Open","true","[]"
"490:1331","Add People Overlay - Compact Tap Catch","I490:1334;467:840","Sheet handle","","true","SWAP","488:1272","Add People Overlay - Expanded Open","true","[]"
"490:1331","Add People Overlay - Compact Tap Catch","I490:1334;467:843","Search surface","","true","SWAP","488:1272","Add People Overlay - Expanded Open","true","[]"
"490:1331","Add People Overlay - Compact Tap Catch","I490:1334;467:844","Search placeholder","Search name, phone, or username","true","SWAP","488:1272","Add People Overlay - Expanded Open","true","[]"
"490:1331","Add People Overlay - Compact Tap Catch","I490:1334;470:922","Friend row / Maya","","true","NAVIGATE","542:1632","Create Circle / People Selected","true","[]"
"490:1331","Add People Overlay - Compact Tap Catch","I490:1334;470:927","Add button / Maya","","true","NAVIGATE","542:1632","Create Circle / People Selected","true","[]"
"490:1331","Add People Overlay - Compact Tap Catch","I490:1334;470:928","Add label / Maya","Add","true","NAVIGATE","542:1632","Create Circle / People Selected","true","[]"
"490:1331","Add People Overlay - Compact Tap Catch","I490:1334;470:929","Friend row / Jordan","","true","NAVIGATE","542:1632","Create Circle / People Selected","true","[]"
"490:1331","Add People Overlay - Compact Tap Catch","I490:1334;470:934","Add button / Jordan","","true","NAVIGATE","542:1632","Create Circle / People Selected","true","[]"
"490:1331","Add People Overlay - Compact Tap Catch","I490:1334;470:935","Add label / Jordan","Add","true","NAVIGATE","542:1632","Create Circle / People Selected","true","[]"
"490:1331","Add People Overlay - Compact Tap Catch","I490:1334;470:936","Friend row / Taylor","","true","NAVIGATE","542:1632","Create Circle / People Selected","true","[]"
"490:1331","Add People Overlay - Compact Tap Catch","I490:1334;470:941","Add button / Taylor","","true","NAVIGATE","542:1632","Create Circle / People Selected","true","[]"
"490:1331","Add People Overlay - Compact Tap Catch","I490:1334;470:942","Add label / Taylor","Add","true","NAVIGATE","542:1632","Create Circle / People Selected","true","[]"
"490:1331","Add People Overlay - Compact Tap Catch","I490:1334;470:943","Friend row / Sam","","true","NAVIGATE","542:1632","Create Circle / People Selected","true","[]"
"490:1331","Add People Overlay - Compact Tap Catch","I490:1334;470:948","Add button / Sam","","true","NAVIGATE","542:1632","Create Circle / People Selected","true","[]"
"490:1331","Add People Overlay - Compact Tap Catch","I490:1334;470:949","Add label / Sam","Add","true","NAVIGATE","542:1632","Create Circle / People Selected","true","[]"
"490:1331","Add People Overlay - Compact Tap Catch","I490:1334;470:950","Friend row / Alex","","true","NAVIGATE","542:1632","Create Circle / People Selected","true","[]"
"490:1331","Add People Overlay - Compact Tap Catch","I490:1334;470:955","Add button / Alex","","true","NAVIGATE","542:1632","Create Circle / People Selected","true","[]"
"490:1331","Add People Overlay - Compact Tap Catch","I490:1334;470:956","Add label / Alex","Add","true","NAVIGATE","542:1632","Create Circle / People Selected","true","[]"
"490:1331","Add People Overlay - Compact Tap Catch","I490:1334;470:957","Friend row / Nia","","true","NAVIGATE","542:1632","Create Circle / People Selected","true","[]"
"490:1331","Add People Overlay - Compact Tap Catch","I490:1334;470:962","Add button / Nia","","true","NAVIGATE","542:1632","Create Circle / People Selected","true","[]"
"490:1331","Add People Overlay - Compact Tap Catch","I490:1334;470:963","Add label / Nia","Add","true","NAVIGATE","542:1632","Create Circle / People Selected","true","[]"
"490:1331","Add People Overlay - Compact Tap Catch","I490:1334;470:964","Friend row / Chris","","true","NAVIGATE","542:1632","Create Circle / People Selected","true","[]"
"490:1331","Add People Overlay - Compact Tap Catch","I490:1334;470:969","Add button / Chris","","true","NAVIGATE","542:1632","Create Circle / People Selected","true","[]"
"490:1331","Add People Overlay - Compact Tap Catch","I490:1334;470:970","Add label / Chris","Add","true","NAVIGATE","542:1632","Create Circle / People Selected","true","[]"
"490:1331","Add People Overlay - Compact Tap Catch","I490:1334;470:971","Friend row / Priya","","true","NAVIGATE","542:1632","Create Circle / People Selected","true","[]"
"490:1331","Add People Overlay - Compact Tap Catch","I490:1334;470:976","Add button / Priya","","true","NAVIGATE","542:1632","Create Circle / People Selected","true","[]"
"490:1331","Add People Overlay - Compact Tap Catch","I490:1334;470:977","Add label / Priya","Add","true","NAVIGATE","542:1632","Create Circle / People Selected","true","[]"
"490:1331","Add People Overlay - Compact Tap Catch","I490:1334;477:961","Icon / Search","","true","SWAP","488:1272","Add People Overlay - Expanded Open","true","[]"
"490:1335","Add People Overlay - Expanded Tap Catch","490:1336","Overlay tap outside scrim","","true","CLOSE","","null","false","[]"
"490:1335","Add People Overlay - Expanded Tap Catch","490:1337","Popup inside tap shield","","true","SWAP","488:1272","Add People Overlay - Expanded Open","true","[]"
"490:1335","Add People Overlay - Expanded Tap Catch","I490:1338;484:1220","Sheet handle","","true","SWAP","488:1396","Add People Overlay - Closing Down","true","[]"
"490:1335","Add People Overlay - Expanded Tap Catch","I490:1338;484:1227","Friend row / Maya","","true","NAVIGATE","542:1632","Create Circle / People Selected","true","[]"
"490:1335","Add People Overlay - Expanded Tap Catch","I490:1338;484:1232","Add button / Maya","","true","NAVIGATE","542:1632","Create Circle / People Selected","true","[]"
"490:1335","Add People Overlay - Expanded Tap Catch","I490:1338;484:1233","Add label / Maya","Add","true","NAVIGATE","542:1632","Create Circle / People Selected","true","[]"
"490:1335","Add People Overlay - Expanded Tap Catch","I490:1338;484:1234","Friend row / Jordan","","true","NAVIGATE","542:1632","Create Circle / People Selected","true","[]"
"490:1335","Add People Overlay - Expanded Tap Catch","I490:1338;484:1239","Add button / Jordan","","true","NAVIGATE","542:1632","Create Circle / People Selected","true","[]"
"490:1335","Add People Overlay - Expanded Tap Catch","I490:1338;484:1240","Add label / Jordan","Add","true","NAVIGATE","542:1632","Create Circle / People Selected","true","[]"
"490:1335","Add People Overlay - Expanded Tap Catch","I490:1338;484:1241","Friend row / Taylor","","true","NAVIGATE","542:1632","Create Circle / People Selected","true","[]"
"490:1335","Add People Overlay - Expanded Tap Catch","I490:1338;484:1246","Add button / Taylor","","true","NAVIGATE","542:1632","Create Circle / People Selected","true","[]"
"490:1335","Add People Overlay - Expanded Tap Catch","I490:1338;484:1247","Add label / Taylor","Add","true","NAVIGATE","542:1632","Create Circle / People Selected","true","[]"
"490:1335","Add People Overlay - Expanded Tap Catch","I490:1338;484:1248","Friend row / Sam","","true","NAVIGATE","542:1632","Create Circle / People Selected","true","[]"
"490:1335","Add People Overlay - Expanded Tap Catch","I490:1338;484:1253","Add button / Sam","","true","NAVIGATE","542:1632","Create Circle / People Selected","true","[]"
"490:1335","Add People Overlay - Expanded Tap Catch","I490:1338;484:1254","Add label / Sam","Add","true","NAVIGATE","542:1632","Create Circle / People Selected","true","[]"
"490:1335","Add People Overlay - Expanded Tap Catch","I490:1338;484:1255","Friend row / Alex","","true","NAVIGATE","542:1632","Create Circle / People Selected","true","[]"
"490:1335","Add People Overlay - Expanded Tap Catch","I490:1338;484:1260","Add button / Alex","","true","NAVIGATE","542:1632","Create Circle / People Selected","true","[]"
"490:1335","Add People Overlay - Expanded Tap Catch","I490:1338;484:1261","Add label / Alex","Add","true","NAVIGATE","542:1632","Create Circle / People Selected","true","[]"
"490:1335","Add People Overlay - Expanded Tap Catch","I490:1338;484:1262","Friend row / Nia","","true","NAVIGATE","542:1632","Create Circle / People Selected","true","[]"
"490:1335","Add People Overlay - Expanded Tap Catch","I490:1338;484:1267","Add button / Nia","","true","NAVIGATE","542:1632","Create Circle / People Selected","true","[]"
"490:1335","Add People Overlay - Expanded Tap Catch","I490:1338;484:1268","Add label / Nia","Add","true","NAVIGATE","542:1632","Create Circle / People Selected","true","[]"
"490:1335","Add People Overlay - Expanded Tap Catch","I490:1338;484:1269","Friend row / Chris","","true","NAVIGATE","542:1632","Create Circle / People Selected","true","[]"
"490:1335","Add People Overlay - Expanded Tap Catch","I490:1338;484:1274","Add button / Chris","","true","NAVIGATE","542:1632","Create Circle / People Selected","true","[]"
"490:1335","Add People Overlay - Expanded Tap Catch","I490:1338;484:1275","Add label / Chris","Add","true","NAVIGATE","542:1632","Create Circle / People Selected","true","[]"
"490:1335","Add People Overlay - Expanded Tap Catch","I490:1338;484:1276","Friend row / Priya","","true","NAVIGATE","542:1632","Create Circle / People Selected","true","[]"
"490:1335","Add People Overlay - Expanded Tap Catch","I490:1338;484:1281","Add button / Priya","","true","NAVIGATE","542:1632","Create Circle / People Selected","true","[]"
"490:1335","Add People Overlay - Expanded Tap Catch","I490:1338;484:1282","Add label / Priya","Add","true","NAVIGATE","542:1632","Create Circle / People Selected","true","[]"
"515:1456","Circle Invite / Game Night","515:1460","Back Button","‹","true","NAVIGATE","7:423","Circles / Home","true","[]"
"515:1456","Circle Invite / Game Night","515:1495","Join circle button","","true","NAVIGATE","434:660","Circles / No Attention","true","[]"
"515:1456","Circle Invite / Game Night","515:1496","Join circle button text","Join Game night","true","NAVIGATE","434:660","Circles / No Attention","true","[]"
"515:1456","Circle Invite / Game Night","515:1497","Decline invite text button","Decline invite","true","NAVIGATE","434:660","Circles / No Attention","true","[]"
"515:1456","Circle Invite / Game Night","I1210:7423;1207:6339","Tab / Circles","Circles","true","NAVIGATE","7:423","Circles / Home","true","[]"
"515:1456","Circle Invite / Game Night","I1210:7423;1207:6347","Tab / Cards","Cards","true","NAVIGATE","547:1625","Cards / Home","true","[]"
"515:1456","Circle Invite / Game Night","I1210:7423;1207:6352","Tab / Bills","Bills","true","NAVIGATE","714:2708","Bills / Home","true","[]"
"515:1456","Circle Invite / Game Night","I1210:7423;1207:6357","Tab / Splitfinder","Splitfinder","true","NAVIGATE","1209:6796","Splitfinder / Browse Spaces","true","[{""branchIndex"":0,""when"":""$VariableID:1207:6491""}]"
"515:1456","Circle Invite / Game Night","I1210:7423;1207:6357","Tab / Splitfinder","Splitfinder","true","NAVIGATE","1209:6717","Splitfinder / Welcome","true","[{""branchIndex"":1,""when"":""ELSE (previous branches did not match)""}]"
"542:1632","Create Circle / People Selected","I542:1632;542:1543","Back button","‹","true","NAVIGATE","7:423","Circles / Home","true","[]"
"542:1632","Create Circle / People Selected","I542:1632;542:1558","Add person chip","Add","true","OVERLAY","488:1134","Add People Overlay - Closed","true","[]"
"542:1632","Create Circle / People Selected","I542:1632;542:1568;424:653","Members can invite people switch","","true","CHANGE_TO","424:646","null","false","[]"
"542:1632","Create Circle / People Selected","I542:1632;542:1568;424:655","Require host approval switch","","true","CHANGE_TO","424:646","null","false","[]"
"542:1632","Create Circle / People Selected","I542:1632;542:1568;424:657","Anonymous circle switch","","true","CHANGE_TO","424:648","null","false","[]"
"547:1625","Cards / Home","1555:19260","Global / You","You","true","NAVIGATE","652:2589","You / Settings","true","[]"
"547:1625","Cards / Home","554:1726","Create Action / FAB","","true","OVERLAY","199:266","Circles / Create Popup Overlay - Closed","true","[]"
"547:1625","Cards / Home","570:1962","Hotspot / Open Family card","","true","NAVIGATE","570:1755","Cards / Family Expanded","true","[]"
"547:1625","Cards / Home","570:1970","Hotspot / Open Grocery card","","true","NAVIGATE","563:1705","Cards / Grocery Expanded","true","[]"
"547:1625","Cards / Home","570:1972","Hotspot / Open Apartment card","","true","NAVIGATE","570:1824","Cards / Apartment Expanded","true","[]"
"547:1625","Cards / Home","570:1974","Hotspot / Open Trip card","","true","NAVIGATE","570:1893","Cards / Trip Expanded","true","[]"
"547:1625","Cards / Home","I1210:7452;1207:6364","Tab / Circles","Circles","true","NAVIGATE","7:423","Circles / Home","true","[]"
"547:1625","Cards / Home","I1210:7452;1207:6377","Tab / Bills","Bills","true","NAVIGATE","714:2708","Bills / Home","true","[]"
"547:1625","Cards / Home","I1210:7452;1207:6382","Tab / Splitfinder","Splitfinder","true","NAVIGATE","1209:6796","Splitfinder / Browse Spaces","true","[{""branchIndex"":0,""when"":""$VariableID:1207:6491""}]"
"547:1625","Cards / Home","I1210:7452;1207:6382","Tab / Splitfinder","Splitfinder","true","NAVIGATE","1209:6717","Splitfinder / Welcome","true","[{""branchIndex"":1,""when"":""ELSE (previous branches did not match)""}]"
"547:1625","Cards / Home","1555:19263","Global / Open Inbox","","true","NAVIGATE","1209:7268","Inbox / Inbox Messages","true","[]"
"563:1705","Cards / Grocery Expanded","593:2104","Hotspot / Collapse expanded card whitespace","","true","NAVIGATE","547:1625","Cards / Home","true","[]"
"563:1705","Cards / Grocery Expanded","1555:19268","Global / You","You","true","NAVIGATE","652:2589","You / Settings","true","[]"
"563:1705","Cards / Grocery Expanded","566:1866","Cards Stack / Component Instances","Family card | Available to spend | $154.00 | $86.00 reserved for bills › | Grocery card | $94.40 | Your assigned card | Apartment card | $357.89 | $130.00 reserved for bills › | Trip card | $53.15","true","NAVIGATE","547:1625","Cards / Home","true","[]"
"563:1705","Cards / Grocery Expanded","567:1756","Create Action / FAB","","true","OVERLAY","199:266","Circles / Create Popup Overlay - Closed","true","[]"
"563:1705","Cards / Grocery Expanded","594:2108","Hotspot / Switch to Family card","","true","NAVIGATE","570:1755","Cards / Family Expanded","true","[]"
"563:1705","Cards / Grocery Expanded","594:2111","Hotspot / Switch to Apartment card","","true","NAVIGATE","570:1824","Cards / Apartment Expanded","true","[]"
"563:1705","Cards / Grocery Expanded","594:2113","Hotspot / Switch to Trip card","","true","NAVIGATE","570:1893","Cards / Trip Expanded","true","[]"
"563:1705","Cards / Grocery Expanded","573:2209","Hotspot / Open Detail Grocery card","","true","NAVIGATE","573:1988","Card Detail / Grocery","true","[{""branchIndex"":0,""when"":""$VariableID:1616:20890""}]"
"563:1705","Cards / Grocery Expanded","573:2209","Hotspot / Open Detail Grocery card","","true","NAVIGATE","1611:22131","Role / states / Card access states","true","[{""branchIndex"":1,""when"":""ELSE (previous branches did not match)""}]"
"563:1705","Cards / Grocery Expanded","I1210:7489;1207:6364","Tab / Circles","Circles","true","NAVIGATE","7:423","Circles / Home","true","[]"
"563:1705","Cards / Grocery Expanded","I1210:7489;1207:6372","Tab / Cards","Cards","true","NAVIGATE","547:1625","Cards / Home","true","[]"
"563:1705","Cards / Grocery Expanded","I1210:7489;1207:6377","Tab / Bills","Bills","true","NAVIGATE","714:2708","Bills / Home","true","[]"
"563:1705","Cards / Grocery Expanded","I1210:7489;1207:6382","Tab / Splitfinder","Splitfinder","true","NAVIGATE","1209:6796","Splitfinder / Browse Spaces","true","[{""branchIndex"":0,""when"":""$VariableID:1207:6491""}]"
"563:1705","Cards / Grocery Expanded","I1210:7489;1207:6382","Tab / Splitfinder","Splitfinder","true","NAVIGATE","1209:6717","Splitfinder / Welcome","true","[{""branchIndex"":1,""when"":""ELSE (previous branches did not match)""}]"
"563:1705","Cards / Grocery Expanded","1555:19271","Global / Open Inbox","","true","NAVIGATE","1209:7268","Inbox / Inbox Messages","true","[]"
"570:1755","Cards / Family Expanded","593:2101","Hotspot / Collapse expanded card whitespace","","true","NAVIGATE","547:1625","Cards / Home","true","[]"
"570:1755","Cards / Family Expanded","1555:19276","Global / You","You","true","NAVIGATE","652:2589","You / Settings","true","[]"
"570:1755","Cards / Family Expanded","570:1760","Cards Stack / Component Instances","Family card | Available to spend | $154.00 | $86.00 reserved for bills › | Grocery card | $94.40 | Your assigned card | Apartment card | $357.89 | $130.00 reserved for bills › | Trip card | $53.15","true","NAVIGATE","547:1625","Cards / Home","true","[]"
"570:1755","Cards / Family Expanded","570:1767","Create Action / FAB","","true","OVERLAY","199:266","Circles / Create Popup Overlay - Closed","true","[]"
"570:1755","Cards / Family Expanded","594:2102","Hotspot / Switch to Grocery card","","true","NAVIGATE","563:1705","Cards / Grocery Expanded","true","[]"
"570:1755","Cards / Family Expanded","594:2104","Hotspot / Switch to Apartment card","","true","NAVIGATE","570:1824","Cards / Apartment Expanded","true","[]"
"570:1755","Cards / Family Expanded","594:2106","Hotspot / Switch to Trip card","","true","NAVIGATE","570:1893","Cards / Trip Expanded","true","[]"
"570:1755","Cards / Family Expanded","573:2207","Hotspot / Open Detail Family card","","true","NAVIGATE","573:1920","Card Detail / Family","true","[]"
"570:1755","Cards / Family Expanded","I1210:7518;1207:6364","Tab / Circles","Circles","true","NAVIGATE","7:423","Circles / Home","true","[]"
"570:1755","Cards / Family Expanded","I1210:7518;1207:6372","Tab / Cards","Cards","true","NAVIGATE","547:1625","Cards / Home","true","[]"
"570:1755","Cards / Family Expanded","I1210:7518;1207:6377","Tab / Bills","Bills","true","NAVIGATE","714:2708","Bills / Home","true","[]"
"570:1755","Cards / Family Expanded","I1210:7518;1207:6382","Tab / Splitfinder","Splitfinder","true","NAVIGATE","1209:6796","Splitfinder / Browse Spaces","true","[{""branchIndex"":0,""when"":""$VariableID:1207:6491""}]"
"570:1755","Cards / Family Expanded","I1210:7518;1207:6382","Tab / Splitfinder","Splitfinder","true","NAVIGATE","1209:6717","Splitfinder / Welcome","true","[{""branchIndex"":1,""when"":""ELSE (previous branches did not match)""}]"
"570:1755","Cards / Family Expanded","1555:19279","Global / Open Inbox","","true","NAVIGATE","1209:7268","Inbox / Inbox Messages","true","[]"
"570:1824","Cards / Apartment Expanded","593:2107","Hotspot / Collapse expanded card whitespace","","true","NAVIGATE","547:1625","Cards / Home","true","[]"
"570:1824","Cards / Apartment Expanded","1555:19284","Global / You","You","true","NAVIGATE","652:2589","You / Settings","true","[]"
"570:1824","Cards / Apartment Expanded","570:1829","Cards Stack / Component Instances","Family card | Available to spend | $154.00 | $86.00 reserved for bills › | Grocery card | $94.40 | Your assigned card | Apartment card | $357.89 | $130.00 reserved for bills › | Trip card | $53.15","true","NAVIGATE","547:1625","Cards / Home","true","[]"
"570:1824","Cards / Apartment Expanded","570:1836","Create Action / FAB","","true","OVERLAY","199:266","Circles / Create Popup Overlay - Closed","true","[]"
"570:1824","Cards / Apartment Expanded","594:2115","Hotspot / Switch to Family card","","true","NAVIGATE","570:1755","Cards / Family Expanded","true","[]"
"570:1824","Cards / Apartment Expanded","594:2117","Hotspot / Switch to Grocery card","","true","NAVIGATE","563:1705","Cards / Grocery Expanded","true","[]"
"570:1824","Cards / Apartment Expanded","594:2120","Hotspot / Switch to Trip card","","true","NAVIGATE","570:1893","Cards / Trip Expanded","true","[]"
"570:1824","Cards / Apartment Expanded","573:2211","Hotspot / Open Detail Apartment card","","true","NAVIGATE","573:2058","Card Detail / Apartment","true","[]"
"570:1824","Cards / Apartment Expanded","I1210:7547;1207:6364","Tab / Circles","Circles","true","NAVIGATE","7:423","Circles / Home","true","[]"
"570:1824","Cards / Apartment Expanded","I1210:7547;1207:6372","Tab / Cards","Cards","true","NAVIGATE","547:1625","Cards / Home","true","[]"
"570:1824","Cards / Apartment Expanded","I1210:7547;1207:6377","Tab / Bills","Bills","true","NAVIGATE","714:2708","Bills / Home","true","[]"
"570:1824","Cards / Apartment Expanded","I1210:7547;1207:6382","Tab / Splitfinder","Splitfinder","true","NAVIGATE","1209:6796","Splitfinder / Browse Spaces","true","[{""branchIndex"":0,""when"":""$VariableID:1207:6491""}]"
"570:1824","Cards / Apartment Expanded","I1210:7547;1207:6382","Tab / Splitfinder","Splitfinder","true","NAVIGATE","1209:6717","Splitfinder / Welcome","true","[{""branchIndex"":1,""when"":""ELSE (previous branches did not match)""}]"
"570:1824","Cards / Apartment Expanded","1555:19287","Global / Open Inbox","","true","NAVIGATE","1209:7268","Inbox / Inbox Messages","true","[]"
"570:1893","Cards / Trip Expanded","593:2110","Hotspot / Collapse expanded card whitespace","","true","NAVIGATE","547:1625","Cards / Home","true","[]"
"570:1893","Cards / Trip Expanded","1555:19292","Global / You","You","true","NAVIGATE","652:2589","You / Settings","true","[]"
"570:1893","Cards / Trip Expanded","570:1898","Cards Stack / Component Instances","Family card | Available to spend | $154.00 | $86.00 reserved for bills › | Grocery card | $94.40 | Your assigned card | Apartment card | $357.89 | $130.00 reserved for bills › | Trip card | $53.15","true","NAVIGATE","547:1625","Cards / Home","true","[]"
"570:1893","Cards / Trip Expanded","570:1905","Create Action / FAB","","true","OVERLAY","199:266","Circles / Create Popup Overlay - Closed","true","[]"
"570:1893","Cards / Trip Expanded","594:2122","Hotspot / Switch to Family card","","true","NAVIGATE","570:1755","Cards / Family Expanded","true","[]"
"570:1893","Cards / Trip Expanded","594:2124","Hotspot / Switch to Grocery card","","true","NAVIGATE","563:1705","Cards / Grocery Expanded","true","[]"
"570:1893","Cards / Trip Expanded","594:2126","Hotspot / Switch to Apartment card","","true","NAVIGATE","570:1824","Cards / Apartment Expanded","true","[]"
"570:1893","Cards / Trip Expanded","573:2213","Hotspot / Open Detail Trip card","","true","NAVIGATE","573:2126","Card Detail / Trip","true","[]"
"570:1893","Cards / Trip Expanded","I1210:7576;1207:6364","Tab / Circles","Circles","true","NAVIGATE","7:423","Circles / Home","true","[]"
"570:1893","Cards / Trip Expanded","I1210:7576;1207:6372","Tab / Cards","Cards","true","NAVIGATE","547:1625","Cards / Home","true","[]"
"570:1893","Cards / Trip Expanded","I1210:7576;1207:6377","Tab / Bills","Bills","true","NAVIGATE","714:2708","Bills / Home","true","[]"
"570:1893","Cards / Trip Expanded","I1210:7576;1207:6382","Tab / Splitfinder","Splitfinder","true","NAVIGATE","1209:6796","Splitfinder / Browse Spaces","true","[{""branchIndex"":0,""when"":""$VariableID:1207:6491""}]"
"570:1893","Cards / Trip Expanded","I1210:7576;1207:6382","Tab / Splitfinder","Splitfinder","true","NAVIGATE","1209:6717","Splitfinder / Welcome","true","[{""branchIndex"":1,""when"":""ELSE (previous branches did not match)""}]"
"570:1893","Cards / Trip Expanded","1555:19295","Global / Open Inbox","","true","NAVIGATE","1209:7268","Inbox / Inbox Messages","true","[]"
"573:1920","Card Detail / Family","573:1921","Back Button / Default","‹","true","NAVIGATE","570:1755","Cards / Family Expanded","true","[]"
"573:1920","Card Detail / Family","573:1925","Menu button surface","","true","NAVIGATE","622:2591","Card Settings / Family","true","[]"
"573:1920","Card Detail / Family","573:1926","Menu line 1","","true","NAVIGATE","622:2591","Card Settings / Family","true","[]"
"573:1920","Card Detail / Family","573:1927","Menu line 2","","true","NAVIGATE","622:2591","Card Settings / Family","true","[]"
"573:1920","Card Detail / Family","573:1928","Menu line 3","","true","NAVIGATE","622:2591","Card Settings / Family","true","[]"
"573:1920","Card Detail / Family","573:1930","Detail card / Family","Family card | Available to spend | $154.00 | Host | $86.00 reserved for bills ›","true","NAVIGATE","1151:5159","Card / Balance details","true","[]"
"573:1920","Card Detail / Family","573:1952","See all","See all","true","NAVIGATE","1609:21900","Role / Family / ha","true","[]"
"573:1920","Card Detail / Family","583:2114","Card Detail Action / Fund card","Fund card | $","true","NAVIGATE","1151:5189","Card / Fund card","true","[]"
"573:1920","Card Detail / Family","1075:5528","Edit card button / On card","","true","NAVIGATE","622:2591","Card Settings / Family","true","[]"
"573:1920","Card Detail / Family","I1210:7605;1207:6364","Tab / Circles","Circles","true","NAVIGATE","7:423","Circles / Home","true","[]"
"573:1920","Card Detail / Family","I1210:7605;1207:6372","Tab / Cards","Cards","true","NAVIGATE","547:1625","Cards / Home","true","[]"
"573:1920","Card Detail / Family","I1210:7605;1207:6377","Tab / Bills","Bills","true","NAVIGATE","714:2708","Bills / Home","true","[]"
"573:1920","Card Detail / Family","I1210:7605;1207:6382","Tab / Splitfinder","Splitfinder","true","NAVIGATE","1209:6796","Splitfinder / Browse Spaces","true","[{""branchIndex"":0,""when"":""$VariableID:1207:6491""}]"
"573:1920","Card Detail / Family","I1210:7605;1207:6382","Tab / Splitfinder","Splitfinder","true","NAVIGATE","1209:6717","Splitfinder / Welcome","true","[{""branchIndex"":1,""when"":""ELSE (previous branches did not match)""}]"
"573:1988","Card Detail / Grocery","I1210:7634;1207:6364","Tab / Circles","Circles","true","NAVIGATE","7:423","Circles / Home","true","[]"
"573:1988","Card Detail / Grocery","I1210:7634;1207:6372","Tab / Cards","Cards","true","NAVIGATE","547:1625","Cards / Home","true","[]"
"573:1988","Card Detail / Grocery","I1210:7634;1207:6377","Tab / Bills","Bills","true","NAVIGATE","714:2708","Bills / Home","true","[]"
"573:1988","Card Detail / Grocery","I1210:7634;1207:6382","Tab / Splitfinder","Splitfinder","true","NAVIGATE","1209:6796","Splitfinder / Browse Spaces","true","[{""branchIndex"":0,""when"":""$VariableID:1207:6491""}]"
"573:1988","Card Detail / Grocery","I1210:7634;1207:6382","Tab / Splitfinder","Splitfinder","true","NAVIGATE","1209:6717","Splitfinder / Welcome","true","[{""branchIndex"":1,""when"":""ELSE (previous branches did not match)""}]"
"573:1988","Card Detail / Grocery","573:1989","Back Button / Default","‹","true","NAVIGATE","563:1705","Cards / Grocery Expanded","true","[]"
"573:1988","Card Detail / Grocery","573:1993","Menu button surface","","true","NAVIGATE","1606:18320","Role / gp / Spending permissions","true","[]"
"573:1988","Card Detail / Grocery","573:1994","Menu line 1","","true","NAVIGATE","1606:18320","Role / gp / Spending permissions","true","[]"
"573:1988","Card Detail / Grocery","573:1995","Menu line 2","","true","NAVIGATE","1606:18320","Role / gp / Spending permissions","true","[]"
"573:1988","Card Detail / Grocery","573:1996","Menu line 3","","true","NAVIGATE","1606:18320","Role / gp / Spending permissions","true","[]"
"573:1988","Card Detail / Grocery","573:1998","Detail card / Grocery","Grocery card | Available to spend | $94.40 | Trusted Spender | Your assigned card","true","NAVIGATE","1606:18478","Role / gb / Available to spend","true","[]"
"573:1988","Card Detail / Grocery","573:2020","See all","See all","true","NAVIGATE","1606:18640","Role / ga / Your card activity","true","[]"
"573:1988","Card Detail / Grocery","573:2026","Transaction title / 1","Grocery run","true","NAVIGATE","1606:18797","Role / gr / Transaction details","true","[]"
"573:1988","Card Detail / Grocery","573:2027","Transaction date / 1","Today · 12:18 PM","true","NAVIGATE","1606:18797","Role / gr / Transaction details","true","[]"
"573:1988","Card Detail / Grocery","573:2028","Transaction amount / 1","-$42.60","true","NAVIGATE","1606:18797","Role / gr / Transaction details","true","[]"
"573:1988","Card Detail / Grocery","573:2029","Transaction chevron / 1","›","true","NAVIGATE","1606:18797","Role / gr / Transaction details","true","[]"
"573:1988","Card Detail / Grocery","573:2036","Transaction title / 2","Grocery refund","true","NAVIGATE","1606:18878","Role / grefund / Transaction details","true","[]"
"573:1988","Card Detail / Grocery","573:2037","Transaction date / 2","Yesterday · 8:30 AM","true","NAVIGATE","1606:18878","Role / grefund / Transaction details","true","[]"
"573:1988","Card Detail / Grocery","573:2038","Transaction amount / 2","+$12.00","true","NAVIGATE","1606:18878","Role / grefund / Transaction details","true","[]"
"573:1988","Card Detail / Grocery","573:2039","Transaction chevron / 2","›","true","NAVIGATE","1606:18878","Role / grefund / Transaction details","true","[]"
"573:1988","Card Detail / Grocery","583:2142","Card Detail Action / Fund card","","false","NAVIGATE","1151:5189","Card / Fund card","true","[]"
"573:1988","Card Detail / Grocery","1606:23363","Your spending permissions","Your spending permissions","true","NAVIGATE","1606:18320","Role / gp / Spending permissions","true","[]"
"573:1988","Card Detail / Grocery","1622:20895","Connected Circle / Open Circle","A | Apartment crew","true","NAVIGATE","218:314","Circle Detail / Overview","true","[]"
"573:2058","Card Detail / Apartment","573:2059","Back Button / Default","‹","true","NAVIGATE","570:1824","Cards / Apartment Expanded","true","[]"
"573:2058","Card Detail / Apartment","573:2063","Menu button surface","","true","NAVIGATE","622:2752","Card Settings / Apartment","true","[]"
"573:2058","Card Detail / Apartment","573:2064","Menu line 1","","true","NAVIGATE","622:2752","Card Settings / Apartment","true","[]"
"573:2058","Card Detail / Apartment","573:2065","Menu line 2","","true","NAVIGATE","622:2752","Card Settings / Apartment","true","[]"
"573:2058","Card Detail / Apartment","573:2066","Menu line 3","","true","NAVIGATE","622:2752","Card Settings / Apartment","true","[]"
"573:2058","Card Detail / Apartment","573:2068","Detail card / Apartment","Apartment card | Available to spend | $357.89 | Host | $130.00 reserved for bills ›","true","NAVIGATE","1151:5159","Card / Balance details","true","[]"
"573:2058","Card Detail / Apartment","573:2090","See all","See all","true","NAVIGATE","1606:21248","Role / ha / Card activity","true","[]"
"573:2058","Card Detail / Apartment","583:2170","Card Detail Action / Fund card","Fund card | $","true","NAVIGATE","1151:5189","Card / Fund card","true","[]"
"573:2058","Card Detail / Apartment","1075:5538","Edit card button / On card","","true","NAVIGATE","622:2752","Card Settings / Apartment","true","[]"
"573:2058","Card Detail / Apartment","I1210:7663;1207:6364","Tab / Circles","Circles","true","NAVIGATE","7:423","Circles / Home","true","[]"
"573:2058","Card Detail / Apartment","I1210:7663;1207:6372","Tab / Cards","Cards","true","NAVIGATE","547:1625","Cards / Home","true","[]"
"573:2058","Card Detail / Apartment","I1210:7663;1207:6377","Tab / Bills","Bills","true","NAVIGATE","714:2708","Bills / Home","true","[]"
"573:2058","Card Detail / Apartment","I1210:7663;1207:6382","Tab / Splitfinder","Splitfinder","true","NAVIGATE","1209:6796","Splitfinder / Browse Spaces","true","[{""branchIndex"":0,""when"":""$VariableID:1207:6491""}]"
"573:2058","Card Detail / Apartment","I1210:7663;1207:6382","Tab / Splitfinder","Splitfinder","true","NAVIGATE","1209:6717","Splitfinder / Welcome","true","[{""branchIndex"":1,""when"":""ELSE (previous branches did not match)""}]"
"573:2126","Card Detail / Trip","I1210:7692;1207:6364","Tab / Circles","Circles","true","NAVIGATE","7:423","Circles / Home","true","[]"
"573:2126","Card Detail / Trip","I1210:7692;1207:6372","Tab / Cards","Cards","true","NAVIGATE","547:1625","Cards / Home","true","[]"
"573:2126","Card Detail / Trip","I1210:7692;1207:6377","Tab / Bills","Bills","true","NAVIGATE","714:2708","Bills / Home","true","[]"
"573:2126","Card Detail / Trip","I1210:7692;1207:6382","Tab / Splitfinder","Splitfinder","true","NAVIGATE","1209:6796","Splitfinder / Browse Spaces","true","[{""branchIndex"":0,""when"":""$VariableID:1207:6491""}]"
"573:2126","Card Detail / Trip","I1210:7692;1207:6382","Tab / Splitfinder","Splitfinder","true","NAVIGATE","1209:6717","Splitfinder / Welcome","true","[{""branchIndex"":1,""when"":""ELSE (previous branches did not match)""}]"
"573:2126","Card Detail / Trip","573:2127","Back Button / Default","‹","true","NAVIGATE","570:1893","Cards / Trip Expanded","true","[]"
"573:2126","Card Detail / Trip","573:2131","Menu button surface","","true","NAVIGATE","1606:18392","Role / tp / Spending permissions","true","[]"
"573:2126","Card Detail / Trip","573:2132","Menu line 1","","true","NAVIGATE","1606:18392","Role / tp / Spending permissions","true","[]"
"573:2126","Card Detail / Trip","573:2133","Menu line 2","","true","NAVIGATE","1606:18392","Role / tp / Spending permissions","true","[]"
"573:2126","Card Detail / Trip","573:2134","Menu line 3","","true","NAVIGATE","1606:18392","Role / tp / Spending permissions","true","[]"
"573:2126","Card Detail / Trip","573:2136","Detail card / Trip","Trip card | Available to spend | $53.15 | Trusted Spender | Your assigned card","true","NAVIGATE","1606:18559","Role / tb / Available to spend","true","[]"
"573:2126","Card Detail / Trip","573:2169","See all","See all","true","NAVIGATE","1606:18721","Role / ta / Your card activity","true","[]"
"573:2126","Card Detail / Trip","573:2175","Transaction title / 1","Hotel hold released","true","NAVIGATE","1606:18946","Role / tr / Transaction details","true","[]"
"573:2126","Card Detail / Trip","573:2176","Transaction date / 1","Yesterday · Hold released","true","NAVIGATE","1606:18946","Role / tr / Transaction details","true","[]"
"573:2126","Card Detail / Trip","573:2177","Transaction amount / 1","$24.00","true","NAVIGATE","1606:18946","Role / tr / Transaction details","true","[]"
"573:2126","Card Detail / Trip","573:2178","Transaction chevron / 1","›","true","NAVIGATE","1606:18946","Role / tr / Transaction details","true","[]"
"573:2126","Card Detail / Trip","573:2185","Transaction title / 2","Travel purchase","true","NAVIGATE","1606:19015","Role / travel / Transaction details","true","[]"
"573:2126","Card Detail / Trip","573:2186","Transaction date / 2","Sep 12 · Completed","true","NAVIGATE","1606:19015","Role / travel / Transaction details","true","[]"
"573:2126","Card Detail / Trip","573:2187","Transaction amount / 2","−$16.85","true","NAVIGATE","1606:19015","Role / travel / Transaction details","true","[]"
"573:2126","Card Detail / Trip","573:2188","Transaction chevron / 2","›","true","NAVIGATE","1606:19015","Role / travel / Transaction details","true","[]"
"573:2126","Card Detail / Trip","583:2198","Card Detail Action / Fund card","","false","NAVIGATE","1151:5189","Card / Fund card","true","[]"
"573:2126","Card Detail / Trip","1606:23383","Your spending permissions","Your spending permissions","true","NAVIGATE","1606:18392","Role / tp / Spending permissions","true","[]"
"573:2126","Card Detail / Trip","1622:20886","Connected Circle / Open Circle","S | Study group","true","NAVIGATE","371:551","Circle Detail / Study Group","true","[]"
"622:2591","Card Settings / Family","622:2592","Back Button","‹","true","NAVIGATE","573:1920","Card Detail / Family","true","[]"
"622:2591","Card Settings / Family","I1077:6321;1077:5689","Setting title / Trusted spenders","Trusted spenders","true","NAVIGATE","1609:21358","Role / Family / hostPeople","true","[]"
"622:2591","Card Settings / Family","I1210:7721;1207:6364","Tab / Circles","Circles","true","NAVIGATE","7:423","Circles / Home","true","[]"
"622:2591","Card Settings / Family","I1210:7721;1207:6372","Tab / Cards","Cards","true","NAVIGATE","547:1625","Cards / Home","true","[]"
"622:2591","Card Settings / Family","I1210:7721;1207:6377","Tab / Bills","Bills","true","NAVIGATE","714:2708","Bills / Home","true","[]"
"622:2591","Card Settings / Family","I1210:7721;1207:6382","Tab / Splitfinder","Splitfinder","true","NAVIGATE","1209:6796","Splitfinder / Browse Spaces","true","[{""branchIndex"":0,""when"":""$VariableID:1207:6491""}]"
"622:2591","Card Settings / Family","I1210:7721;1207:6382","Tab / Splitfinder","Splitfinder","true","NAVIGATE","1209:6717","Splitfinder / Welcome","true","[{""branchIndex"":1,""when"":""ELSE (previous branches did not match)""}]"
"622:2671","Card Settings / Grocery","1608:22123","Back","‹","true","NAVIGATE","573:1988","Card Detail / Grocery","true","[{""branchIndex"":0,""when"":""$VariableID:1616:20890""}]"
"622:2671","Card Settings / Grocery","1608:22123","Back","‹","true","NAVIGATE","1611:22131","Role / states / Card access states","true","[{""branchIndex"":1,""when"":""ELSE (previous branches did not match)""}]"
"622:2671","Card Settings / Grocery","I1608:22129;1495:18436","Primary / msgG","Message host","true","NAVIGATE","1606:21520","Role / msgG / Message host","true","[]"
"622:2671","Card Settings / Grocery","I1608:22129;1495:18437","Secondary / 573:1988","Back to card","true","NAVIGATE","573:1988","Card Detail / Grocery","true","[{""branchIndex"":0,""when"":""$VariableID:1616:20890""}]"
"622:2671","Card Settings / Grocery","I1608:22129;1495:18437","Secondary / 573:1988","Back to card","true","NAVIGATE","1611:22131","Role / states / Card access states","true","[{""branchIndex"":1,""when"":""ELSE (previous branches did not match)""}]"
"622:2752","Card Settings / Apartment","622:2753","Back Button","‹","true","NAVIGATE","573:2058","Card Detail / Apartment","true","[]"
"622:2752","Card Settings / Apartment","I1077:6377;1077:5689","Setting title / Trusted spenders","Trusted spenders","true","NAVIGATE","1606:19916","Role / hostPeople / Trusted Spenders","true","[]"
"622:2752","Card Settings / Apartment","I1210:7779;1207:6364","Tab / Circles","Circles","true","NAVIGATE","7:423","Circles / Home","true","[]"
"622:2752","Card Settings / Apartment","I1210:7779;1207:6372","Tab / Cards","Cards","true","NAVIGATE","547:1625","Cards / Home","true","[]"
"622:2752","Card Settings / Apartment","I1210:7779;1207:6377","Tab / Bills","Bills","true","NAVIGATE","714:2708","Bills / Home","true","[]"
"622:2752","Card Settings / Apartment","I1210:7779;1207:6382","Tab / Splitfinder","Splitfinder","true","NAVIGATE","1209:6796","Splitfinder / Browse Spaces","true","[{""branchIndex"":0,""when"":""$VariableID:1207:6491""}]"
"622:2752","Card Settings / Apartment","I1210:7779;1207:6382","Tab / Splitfinder","Splitfinder","true","NAVIGATE","1209:6717","Splitfinder / Welcome","true","[{""branchIndex"":1,""when"":""ELSE (previous branches did not match)""}]"
"622:2832","Card Settings / Trip","1608:22145","Back","‹","true","NAVIGATE","573:2126","Card Detail / Trip","true","[]"
"622:2832","Card Settings / Trip","I1608:22151;1495:18436","Primary / msgT","Message host","true","NAVIGATE","1606:21578","Role / msgT / Message host","true","[]"
"622:2832","Card Settings / Trip","I1608:22151;1495:18437","Secondary / 573:2126","Back to card","true","NAVIGATE","573:2126","Card Detail / Trip","true","[]"
"652:2589","You / Settings","674:2591","Back Button","‹","true","NAVIGATE","7:423","Circles / Home","true","[]"
"652:2589","You / Settings","652:2596","Profile summary card","","true","NAVIGATE","669:2591","Settings / Account Profile","true","[]"
"652:2589","You / Settings","652:2597","Profile avatar","","true","NAVIGATE","669:2591","Settings / Account Profile","true","[]"
"652:2589","You / Settings","652:2598","Profile avatar text","You","true","NAVIGATE","669:2591","Settings / Account Profile","true","[]"
"652:2589","You / Settings","652:2599","Profile name","Joseph","true","NAVIGATE","669:2591","Settings / Account Profile","true","[]"
"652:2589","You / Settings","652:2601","Profile chevron","›","true","NAVIGATE","669:2591","Settings / Account Profile","true","[]"
"652:2589","You / Settings","1073:5285","Settings Row / Banking information","Banking information | Banks, funding, transfers | ›","true","NAVIGATE","669:2629","Settings / Banking & Funding","true","[]"
"652:2589","You / Settings","1075:5548","Settings Row / Login & security","Login & security | Passwords, passkeys, devices | ›","true","NAVIGATE","669:2664","Settings / Login & Security","true","[]"
"652:2589","You / Settings","1075:5553","Settings Row / Personal information","Personal information | Legal name, phone, email, address | ›","true","NAVIGATE","669:2703","Settings / Personal Details","true","[]"
"652:2589","You / Settings","1075:5573","Settings Row / Friends","Friends | People from current and past circles | 18 | ›","true","NAVIGATE","669:2734","Settings / Friends","true","[]"
"652:2589","You / Settings","1075:5558","Settings Row / Privacy","Privacy | Findability, invites, privacy | ›","true","NAVIGATE","669:2768","Settings / Privacy","true","[]"
"652:2589","You / Settings","1075:5563","Settings Row / Notifications","Notifications | Invites, bills, cards, security | ›","true","NAVIGATE","669:2798","Settings / Notifications","true","[]"
"652:2589","You / Settings","1075:5568","Settings Row / Help","Help | FAQ, report a problem, contact support | ›","true","NAVIGATE","669:2834","Settings / Help","true","[]"
"652:2589","You / Settings","1075:5579","Settings Row / Log out","Log out | ›","true","OVERLAY","669:2864","Settings / Log Out Confirmation","true","[]"
"652:2589","You / Settings","667:2591","Profile status","Profile, contact, and identity","true","NAVIGATE","669:2591","Settings / Account Profile","true","[]"
"669:2591","Settings / Account Profile","674:2595","Back Button","‹","true","NAVIGATE","652:2589","You / Settings","true","[]"
"669:2591","Settings / Account Profile","1075:5601","Detail Row / Phone","Phone | Used for login and friend discovery | ›","true","NAVIGATE","700:2647","Settings / Phone","true","[]"
"669:2591","Settings / Account Profile","1075:5606","Detail Row / Email","Email | Receipts, alerts, and support | ›","true","NAVIGATE","700:2670","Settings / Email","true","[]"
"669:2629","Settings / Banking & Funding","674:2599","Back Button","‹","true","NAVIGATE","652:2589","You / Settings","true","[]"
"669:2664","Settings / Login & Security","674:2603","Back Button","‹","true","NAVIGATE","652:2589","You / Settings","true","[]"
"669:2703","Settings / Personal Details","674:2607","Back Button","‹","true","NAVIGATE","652:2589","You / Settings","true","[]"
"669:2734","Settings / Friends","674:2611","Back Button","‹","true","NAVIGATE","652:2589","You / Settings","true","[]"
"669:2768","Settings / Privacy","674:2615","Back Button","‹","true","NAVIGATE","652:2589","You / Settings","true","[]"
"669:2798","Settings / Notifications","674:2619","Back Button","‹","true","NAVIGATE","652:2589","You / Settings","true","[]"
"669:2834","Settings / Help","674:2623","Back Button","‹","true","NAVIGATE","652:2589","You / Settings","true","[]"
"669:2864","Settings / Log Out Confirmation","669:2865","Overlay tap outside scrim","","true","CLOSE","","null","false","[]"
"669:2864","Settings / Log Out Confirmation","669:2870","Cancel button","","true","CLOSE","","null","false","[]"
"669:2864","Settings / Log Out Confirmation","669:2871","Cancel label","Cancel","true","CLOSE","","null","false","[]"
"700:2647","Settings / Phone","700:2649","Back Button","‹","true","NAVIGATE","669:2591","Settings / Account Profile","true","[]"
"700:2670","Settings / Email","700:2672","Back Button","‹","true","NAVIGATE","669:2591","Settings / Account Profile","true","[]"
"714:2708","Bills / Home","I1122:4981;1121:5906","Bill / Internet","Internet bill | A | Apartment card | $84","true","NAVIGATE","714:2789","Bill Detail / Internet bill","true","[]"
"714:2708","Bills / Home","I1122:4981;1121:5907","Bill / Electric","Electric | A | Apartment card | $46","true","NAVIGATE","714:2847","Bill Detail / Electric","true","[]"
"714:2708","Bills / Home","I1122:4981;1121:5908","Bill / Phone","Phone plan | F | Family card | $128","true","NAVIGATE","714:2903","Bill Detail / Phone plan","true","[]"
"714:2708","Bills / Home","I1122:4981;1121:5909","Bill / Trip","Trip lodging | Trip card | $240","true","NAVIGATE","714:2960","Bill Detail / Trip lodging","true","[]"
"714:2708","Bills / Home","I1122:4981;1121:5910","Bill / Groceries","Groceries | F | Grocery card | $72","true","NAVIGATE","714:3018","Bill Detail / Groceries","true","[]"
"714:2708","Bills / Home","1141:5121","Create Action / FAB","","true","OVERLAY","199:266","Circles / Create Popup Overlay - Closed","true","[]"
"714:2708","Bills / Home","1145:5964","Import bills","Import bills","true","NAVIGATE","1052:5012","null","false","[]"
"714:2708","Bills / Home","I1210:7837;1207:6389","Tab / Circles","Circles","true","NAVIGATE","7:423","Circles / Home","true","[]"
"714:2708","Bills / Home","I1210:7837;1207:6397","Tab / Cards","Cards","true","NAVIGATE","547:1625","Cards / Home","true","[]"
"714:2708","Bills / Home","I1210:7837;1207:6407","Tab / Splitfinder","Splitfinder","true","NAVIGATE","1209:6796","Splitfinder / Browse Spaces","true","[{""branchIndex"":0,""when"":""$VariableID:1207:6491""}]"
"714:2708","Bills / Home","I1210:7837;1207:6407","Tab / Splitfinder","Splitfinder","true","NAVIGATE","1209:6717","Splitfinder / Welcome","true","[{""branchIndex"":1,""when"":""ELSE (previous branches did not match)""}]"
"714:2708","Bills / Home","1555:19302","Global / Open Inbox","","true","NAVIGATE","1209:7268","Inbox / Inbox Messages","true","[]"
"714:2708","Bills / Home","1307:12332","Open next contribution","","true","NAVIGATE","1348:10898","Bill payment / Review","true","[]"
"714:2708","Bills / Home","1380:13239","Open bill issues","","true","NAVIGATE","1375:11172","Bill help / Needs attention","true","[]"
"714:2708","Bills / Home","1609:20146","Bills I host","","false","NAVIGATE","1608:20963","Role / bHosted / Bills you host","true","[]"
"714:2708","Bills / Home","1609:20149","I contribute to","","false","NAVIGATE","1608:21025","Role / bContrib / Bills you contribute to","true","[]"
"714:2789","Bill Detail / Internet bill","714:2791","Back Button","‹","true","NAVIGATE","714:2708","Bills / Home","true","[]"
"714:2789","Bill Detail / Internet bill","757:3138","Attached card instance / Apartment card","Apartment card | Available to spend | $357.89 | Host | $130.00 reserved for bills ›","true","NAVIGATE","573:2058","Card Detail / Apartment","true","[]"
"714:2789","Bill Detail / Internet bill","I1167:5292;1165:6190","Person 1","J | Jordan | $21.00 | Paid","true","NAVIGATE","1166:5269","Bill / Person contribution details","true","[]"
"714:2789","Bill Detail / Internet bill","I1167:5292;1165:6196","Person 2","M | Maya | $21.00 | Paid","true","NAVIGATE","1166:5269","Bill / Person contribution details","true","[]"
"714:2789","Bill Detail / Internet bill","I1167:5292;1165:6202","Person 3","T | Taylor | $21.00 | Not paid","true","NAVIGATE","1166:5269","Bill / Person contribution details","true","[]"
"714:2789","Bill Detail / Internet bill","I1167:5292;1165:6208","Person 4","S | Sam | $21.00 | Not paid","true","NAVIGATE","1166:5269","Bill / Person contribution details","true","[]"
"714:2789","Bill Detail / Internet bill","1609:20153","Create Circle / Primary Button","Propose a contribution change","true","NAVIGATE","1377:13124","Bill host / Equal allocation","true","[]"
"714:2789","Bill Detail / Internet bill","1609:20157","End this shared bill ›","End this shared bill  ›","true","NAVIGATE","1525:18671","Bill ending / Review ending","true","[]"
"714:2789","Bill Detail / Internet bill","I1210:7874;1207:6389","Tab / Circles","Circles","true","NAVIGATE","7:423","Circles / Home","true","[]"
"714:2789","Bill Detail / Internet bill","I1210:7874;1207:6397","Tab / Cards","Cards","true","NAVIGATE","547:1625","Cards / Home","true","[]"
"714:2789","Bill Detail / Internet bill","I1210:7874;1207:6402","Tab / Bills","Bills","true","NAVIGATE","714:2708","Bills / Home","true","[]"
"714:2789","Bill Detail / Internet bill","I1210:7874;1207:6407","Tab / Splitfinder","Splitfinder","true","NAVIGATE","1209:6796","Splitfinder / Browse Spaces","true","[{""branchIndex"":0,""when"":""$VariableID:1207:6491""}]"
"714:2789","Bill Detail / Internet bill","I1210:7874;1207:6407","Tab / Splitfinder","Splitfinder","true","NAVIGATE","1209:6717","Splitfinder / Welcome","true","[{""branchIndex"":1,""when"":""ELSE (previous branches did not match)""}]"
"714:2847","Bill Detail / Electric","714:2849","Back Button","‹","true","NAVIGATE","714:2708","Bills / Home","true","[]"
"714:2847","Bill Detail / Electric","757:3159","Attached card instance / Apartment card","Apartment card | Available to spend | $357.89 | Host | $130.00 reserved for bills ›","true","NAVIGATE","573:2058","Card Detail / Apartment","true","[]"
"714:2847","Bill Detail / Electric","I1167:5344;1165:6190","Person 1","J | Jordan | $11.50 | Paid","true","NAVIGATE","1166:5269","Bill / Person contribution details","true","[]"
"714:2847","Bill Detail / Electric","I1167:5344;1165:6196","Person 2","M | Maya | $11.50 | Paid","true","NAVIGATE","1166:5269","Bill / Person contribution details","true","[]"
"714:2847","Bill Detail / Electric","I1167:5344;1165:6202","Person 3","T | Taylor | $11.50 | Not paid","true","NAVIGATE","1166:5269","Bill / Person contribution details","true","[]"
"714:2847","Bill Detail / Electric","I1167:5344;1165:6208","Person 4","S | Sam | $11.50 | Not paid","true","NAVIGATE","1166:5269","Bill / Person contribution details","true","[]"
"714:2847","Bill Detail / Electric","I1210:7903;1207:6389","Tab / Circles","Circles","true","NAVIGATE","7:423","Circles / Home","true","[]"
"714:2847","Bill Detail / Electric","I1210:7903;1207:6397","Tab / Cards","Cards","true","NAVIGATE","547:1625","Cards / Home","true","[]"
"714:2847","Bill Detail / Electric","I1210:7903;1207:6402","Tab / Bills","Bills","true","NAVIGATE","714:2708","Bills / Home","true","[]"
"714:2847","Bill Detail / Electric","I1210:7903;1207:6407","Tab / Splitfinder","Splitfinder","true","NAVIGATE","1209:6796","Splitfinder / Browse Spaces","true","[{""branchIndex"":0,""when"":""$VariableID:1207:6491""}]"
"714:2847","Bill Detail / Electric","I1210:7903;1207:6407","Tab / Splitfinder","Splitfinder","true","NAVIGATE","1209:6717","Splitfinder / Welcome","true","[{""branchIndex"":1,""when"":""ELSE (previous branches did not match)""}]"
"714:2903","Bill Detail / Phone plan","714:2905","Back Button","‹","true","NAVIGATE","714:2708","Bills / Home","true","[]"
"714:2903","Bill Detail / Phone plan","757:3180","Attached card instance / Family card","Family card | Available to spend | $154.00 | Host | $86.00 reserved for bills ›","true","NAVIGATE","573:1920","Card Detail / Family","true","[]"
"714:2903","Bill Detail / Phone plan","I1167:5376;1165:6217","Person 1","J | Jordan | $25.60 | Paid","true","NAVIGATE","1166:5269","Bill / Person contribution details","true","[]"
"714:2903","Bill Detail / Phone plan","I1167:5376;1165:6223","Person 2","M | Maya | $25.60 | Paid","true","NAVIGATE","1166:5269","Bill / Person contribution details","true","[]"
"714:2903","Bill Detail / Phone plan","I1167:5376;1165:6229","Person 3","T | Taylor | $25.60 | Overdue","true","NAVIGATE","1166:5269","Bill / Person contribution details","true","[]"
"714:2903","Bill Detail / Phone plan","I1167:5376;1165:6235","Person 4","S | Sam | $25.60 | Overdue","true","NAVIGATE","1166:5269","Bill / Person contribution details","true","[]"
"714:2903","Bill Detail / Phone plan","I1167:5376;1165:6241","Person 5","A | Avery | $25.60 | Overdue","true","NAVIGATE","1166:5269","Bill / Person contribution details","true","[]"
"714:2903","Bill Detail / Phone plan","I1210:7932;1207:6389","Tab / Circles","Circles","true","NAVIGATE","7:423","Circles / Home","true","[]"
"714:2903","Bill Detail / Phone plan","I1210:7932;1207:6397","Tab / Cards","Cards","true","NAVIGATE","547:1625","Cards / Home","true","[]"
"714:2903","Bill Detail / Phone plan","I1210:7932;1207:6402","Tab / Bills","Bills","true","NAVIGATE","714:2708","Bills / Home","true","[]"
"714:2903","Bill Detail / Phone plan","I1210:7932;1207:6407","Tab / Splitfinder","Splitfinder","true","NAVIGATE","1209:6796","Splitfinder / Browse Spaces","true","[{""branchIndex"":0,""when"":""$VariableID:1207:6491""}]"
"714:2903","Bill Detail / Phone plan","I1210:7932;1207:6407","Tab / Splitfinder","Splitfinder","true","NAVIGATE","1209:6717","Splitfinder / Welcome","true","[{""branchIndex"":1,""when"":""ELSE (previous branches did not match)""}]"
"714:2960","Bill Detail / Trip lodging","1608:22199","Back","‹","true","NAVIGATE","1608:21025","Role / bContrib / Bills you contribute to","true","[]"
"714:2960","Bill Detail / Trip lodging","I1608:22204;1608:20778","Go / tHistory","Your payment  › | $80 received · September 14, 2026","true","NAVIGATE","1608:21767","Role / tHistory / Contribution record","true","[]"
"714:2960","Bill Detail / Trip lodging","I1608:22205;1495:18436","Primary / tHistory","View contribution record","true","NAVIGATE","1608:21767","Role / tHistory / Contribution record","true","[]"
"714:2960","Bill Detail / Trip lodging","I1608:22205;1495:18437","Secondary / msgBillT","Message host","true","NAVIGATE","1608:21829","Role / msgBillT / Message bill host","true","[]"
"714:3018","Bill Detail / Groceries","1608:22172","Back","‹","true","NAVIGATE","1608:21025","Role / bContrib / Bills you contribute to","true","[]"
"714:3018","Bill Detail / Groceries","I1608:22177;1608:20754","Go / gAgreement","Your agreement  › | You initiate each weekly contribution","true","NAVIGATE","1608:21376","Role / gAgreement / Your agreement","true","[]"
"714:3018","Bill Detail / Groceries","I1608:22177;1608:20757","Go / gHistory","Your contribution history  › | Review your own payments","true","NAVIGATE","1608:21441","Role / gHistory / Contribution history","true","[]"
"714:3018","Bill Detail / Groceries","I1608:22178;1495:18436","Primary / gPay","Review contribution","true","NAVIGATE","1608:21500","Role / gPay / Review contribution","true","[]"
"714:3018","Bill Detail / Groceries","I1608:22178;1495:18437","Secondary / gAgreement","View agreement","true","NAVIGATE","1608:21376","Role / gAgreement / Your agreement","true","[]"
"766:3012","All Empty / Cards","766:3448","Nav Hotspot / All Empty / Circles","","true","NAVIGATE","766:3056","All Empty / Circles","true","[]"
"766:3012","All Empty / Cards","766:3449","Nav Hotspot / All Empty / Bills","","true","NAVIGATE","766:3098","All Empty / Bills","true","[]"
"766:3012","All Empty / Cards","I1210:8019;1207:6364","Tab / Circles","Circles","true","NAVIGATE","766:3056","All Empty / Circles","true","[]"
"766:3012","All Empty / Cards","I1210:8019;1207:6377","Tab / Bills","Bills","true","NAVIGATE","766:3098","All Empty / Bills","true","[]"
"766:3012","All Empty / Cards","I1210:8019;1207:6382","Tab / Splitfinder","Splitfinder","true","NAVIGATE","1209:6796","Splitfinder / Browse Spaces","true","[{""branchIndex"":0,""when"":""$VariableID:1207:6491""}]"
"766:3012","All Empty / Cards","I1210:8019;1207:6382","Tab / Splitfinder","Splitfinder","true","NAVIGATE","1209:6717","Splitfinder / Welcome","true","[{""branchIndex"":1,""when"":""ELSE (previous branches did not match)""}]"
"766:3012","All Empty / Cards","1555:19309","Global / Open Inbox","","true","NAVIGATE","1209:7268","Inbox / Inbox Messages","true","[]"
"766:3056","All Empty / Circles","766:3061","Create Action / FAB","","true","OVERLAY","199:266","Circles / Create Popup Overlay - Closed","true","[]"
"766:3056","All Empty / Circles","1555:19314","Global / You","You","true","NAVIGATE","652:2589","You / Settings","true","[]"
"766:3056","All Empty / Circles","766:3450","Nav Hotspot / All Empty / Cards","","true","NAVIGATE","766:3012","All Empty / Cards","true","[]"
"766:3056","All Empty / Circles","766:3452","Nav Hotspot / All Empty / Bills","","true","NAVIGATE","766:3098","All Empty / Bills","true","[]"
"766:3056","All Empty / Circles","I1210:8047;1207:6347","Tab / Cards","Cards","true","NAVIGATE","766:3012","All Empty / Cards","true","[]"
"766:3056","All Empty / Circles","I1210:8047;1207:6352","Tab / Bills","Bills","true","NAVIGATE","766:3098","All Empty / Bills","true","[]"
"766:3056","All Empty / Circles","I1210:8047;1207:6357","Tab / Splitfinder","Splitfinder","true","NAVIGATE","1209:6796","Splitfinder / Browse Spaces","true","[{""branchIndex"":0,""when"":""$VariableID:1207:6491""}]"
"766:3056","All Empty / Circles","I1210:8047;1207:6357","Tab / Splitfinder","Splitfinder","true","NAVIGATE","1209:6717","Splitfinder / Welcome","true","[{""branchIndex"":1,""when"":""ELSE (previous branches did not match)""}]"
"766:3056","All Empty / Circles","1555:19317","Global / Open Inbox","","true","NAVIGATE","1209:7268","Inbox / Inbox Messages","true","[]"
"766:3098","All Empty / Bills","766:3160","Import bills","Import bills","true","NAVIGATE","1052:5012","null","false","[]"
"766:3098","All Empty / Bills","766:3453","Nav Hotspot / All Empty / Cards","","true","NAVIGATE","766:3012","All Empty / Cards","true","[]"
"766:3098","All Empty / Bills","766:3454","Nav Hotspot / All Empty / Circles","","true","NAVIGATE","766:3056","All Empty / Circles","true","[]"
"766:3098","All Empty / Bills","I1210:8075;1207:6389","Tab / Circles","Circles","true","NAVIGATE","766:3056","All Empty / Circles","true","[]"
"766:3098","All Empty / Bills","I1210:8075;1207:6397","Tab / Cards","Cards","true","NAVIGATE","766:3012","All Empty / Cards","true","[]"
"766:3098","All Empty / Bills","I1210:8075;1207:6407","Tab / Splitfinder","Splitfinder","true","NAVIGATE","1209:6796","Splitfinder / Browse Spaces","true","[{""branchIndex"":0,""when"":""$VariableID:1207:6491""}]"
"766:3098","All Empty / Bills","I1210:8075;1207:6407","Tab / Splitfinder","Splitfinder","true","NAVIGATE","1209:6717","Splitfinder / Welcome","true","[{""branchIndex"":1,""when"":""ELSE (previous branches did not match)""}]"
"766:3098","All Empty / Bills","1555:19324","Global / Open Inbox","","true","NAVIGATE","1209:7268","Inbox / Inbox Messages","true","[]"
"793:3211","Create Goal / Details","I1078:6055;1078:6040","Back button","‹","true","NAVIGATE","7:423","Circles / Home","true","[]"
"793:3211","Create Goal / Details","793:3232","Goal method / Ongoing","Time-based goal | Runs for a chosen period.","true","NAVIGATE","794:3257","Create Goal / Time-based details","true","[]"
"793:3211","Create Goal / Details","793:3253","Goal details CTA","Continue","true","NAVIGATE","801:3363","Goal / Charge schedule","true","[]"
"793:3211","Create Goal / Details","I842:3470;842:3466","Lock funds switch","","true","CHANGE_TO","424:648","null","false","[]"
"793:3211","Create Goal / Details","I842:3470;842:3468","Show contributions switch","","true","CHANGE_TO","424:648","null","false","[]"
"793:3256","Create Goal / People","I1078:6062;1078:6040","Back button","‹","true","NAVIGATE","793:3211","Create Goal / Details","true","[]"
"793:3256","Create Goal / People","793:3278","Add person","Invite someone","true","NAVIGATE","801:3281","Goal / Invite person","true","[]"
"793:3256","Create Goal / People","793:3289","Choose people CTA","Review goal","true","NAVIGATE","793:3292","Create Goal / Review","true","[]"
"793:3256","Create Goal / People","812:3362","Attach Circle row","Apartment crew | Optional shared space | ›","true","NAVIGATE","812:3466","Goal / Attach Circle","true","[]"
"793:3292","Create Goal / Review","I1078:6069;1078:6040","Back button","‹","true","NAVIGATE","801:3313","Goal / Monthly contribution","true","[]"
"793:3292","Create Goal / Review","793:3342","Review CTA","Create goal","true","NAVIGATE","7:423","Circles / Home","true","[]"
"793:3345","Goal / Road trip fund","I1078:6076;1078:6040","Back button","‹","true","NAVIGATE","793:3292","Create Goal / Review","true","[]"
"793:3345","Goal / Road trip fund","793:3383","View contribution terms CTA","View contribution terms","true","NAVIGATE","793:3292","Create Goal / Review","true","[]"
"793:3386","Goal / Contribution terms","I1078:6083;1078:6040","Back button","‹","true","NAVIGATE","793:3292","Create Goal / Review","true","[]"
"793:3386","Goal / Contribution terms","793:3424","Terms done CTA","Done","true","NAVIGATE","793:3292","Create Goal / Review","true","[]"
"794:3257","Create Goal / Time-based details","I1078:6090;1078:6040","Back button","‹","true","NAVIGATE","793:3211","Create Goal / Details","true","[]"
"794:3257","Create Goal / Time-based details","794:3297","Time goal CTA","Continue","true","NAVIGATE","833:3346","Goal / Time schedule / Monthly","true","[]"
"794:3257","Create Goal / Time-based details","798:3352","Goal method / Target","Target amount | Stops when funded.","true","NAVIGATE","793:3211","Create Goal / Details","true","[]"
"794:3257","Create Goal / Time-based details","I842:3480;842:3466","Lock funds switch","","true","CHANGE_TO","424:648","null","false","[]"
"794:3257","Create Goal / Time-based details","I842:3480;842:3468","Show contributions switch","","true","CHANGE_TO","424:648","null","false","[]"
"801:3281","Goal / Invite person","I1078:6097;1078:6040","Back button","‹","true","NAVIGATE","793:3256","Create Goal / People","true","[]"
"801:3281","Goal / Invite person","801:3310","Invite person CTA","Add selected","true","NAVIGATE","793:3256","Create Goal / People","true","[]"
"801:3313","Goal / Monthly contribution","I1078:6104;1078:6040","Back button","‹","true","NAVIGATE","839:3372","Goal / Attach Card","true","[]"
"801:3313","Goal / Monthly contribution","812:3358","Amount CTA","Continue","true","NAVIGATE","793:3292","Create Goal / Review","true","[]"
"801:3338","Goal / Target amount","I1078:6111;1078:6040","Back button","‹","true","NAVIGATE","793:3211","Create Goal / Details","true","[]"
"801:3338","Goal / Target amount","801:3360","Target CTA","Save target","true","NAVIGATE","793:3211","Create Goal / Details","true","[]"
"801:3363","Goal / Charge schedule","I1078:6118;1078:6040","Back button","‹","true","NAVIGATE","793:3211","Create Goal / Details","true","[]"
"801:3363","Goal / Charge schedule","812:3379","Frequency / Weekly","Weekly | Pick a day of the week.","true","NAVIGATE","812:3426","Goal / Charge schedule / Weekly","true","[]"
"801:3363","Goal / Charge schedule","812:3423","Schedule CTA","Continue","true","NAVIGATE","812:3466","Goal / Attach Circle","true","[]"
"812:3426","Goal / Charge schedule / Weekly","I1078:6125;1078:6040","Back button","‹","true","NAVIGATE","793:3211","Create Goal / Details","true","[]"
"812:3426","Goal / Charge schedule / Weekly","812:3433","Frequency / Monthly","Monthly | Pick a day of the month.","true","NAVIGATE","801:3363","Goal / Charge schedule","true","[]"
"812:3426","Goal / Charge schedule / Weekly","812:3463","Weekly schedule CTA","Continue","true","NAVIGATE","812:3466","Goal / Attach Circle","true","[]"
"812:3466","Goal / Attach Circle","I1078:6132;1078:6040","Back button","‹","true","NAVIGATE","801:3363","Goal / Charge schedule","true","[]"
"812:3466","Goal / Attach Circle","812:3495","Attach Circle CTA","Continue","true","NAVIGATE","839:3372","Goal / Attach Card","true","[]"
"812:3466","Goal / Attach Circle","823:3363","Create new Circle","","true","NAVIGATE","335:506","Create Circle / New Circle","true","[]"
"833:3346","Goal / Time schedule / Monthly","I1078:6139;1078:6040","Back button","‹","true","NAVIGATE","794:3257","Create Goal / Time-based details","true","[]"
"833:3346","Goal / Time schedule / Monthly","833:3352","Frequency / Weekly","Weekly | Pick a day of the week.","true","NAVIGATE","833:3393","Goal / Time schedule / Weekly","true","[]"
"833:3346","Goal / Time schedule / Monthly","833:3392","Schedule CTA","Continue","true","NAVIGATE","812:3466","Goal / Attach Circle","true","[]"
"833:3393","Goal / Time schedule / Weekly","I1078:6146;1078:6040","Back button","‹","true","NAVIGATE","794:3257","Create Goal / Time-based details","true","[]"
"833:3393","Goal / Time schedule / Weekly","833:3398","Frequency / Monthly","Monthly | Pick a day of the month.","true","NAVIGATE","833:3346","Goal / Time schedule / Monthly","true","[]"
"833:3393","Goal / Time schedule / Weekly","833:3419","Weekly schedule CTA","Continue","true","NAVIGATE","812:3466","Goal / Attach Circle","true","[]"
"839:3372","Goal / Attach Card","I1078:6153;1078:6040","Back button","‹","true","NAVIGATE","812:3466","Goal / Attach Circle","true","[]"
"839:3372","Goal / Attach Card","839:3391","Attach Card CTA","Continue","true","NAVIGATE","801:3313","Goal / Monthly contribution","true","[]"
"854:3466","Create Card / Details","I1078:6160;1078:6040","Back button","‹","true","NAVIGATE","7:423","Circles / Home","true","[]"
"854:3466","Create Card / Details","854:3471","Attach Card CTA","Continue","true","NAVIGATE","928:4751","Create Card / Choose appearance","true","[]"
"854:3495","Create Card / Attach Circle","I1078:6169;1078:6040","Back button","‹","true","NAVIGATE","928:4751","Create Card / Choose appearance","true","[]"
"854:3495","Create Card / Attach Circle","854:3514","Attach Circle CTA","Continue","true","NAVIGATE","855:3408","Create Card / Review","true","[]"
"854:3495","Create Card / Attach Circle","854:3515","Create new Circle","","true","NAVIGATE","335:506","Create Circle / New Circle","true","[]"
"854:3495","Create Card / Attach Circle","859:3437","No Circle row","","true","NAVIGATE","861:3572","Create Card / Review / No Circle","true","[]"
"855:3408","Create Card / Review","I1078:6176;1078:6040","Back button","‹","true","NAVIGATE","854:3495","Create Card / Attach Circle","true","[]"
"855:3408","Create Card / Review","855:3413","Attach Card CTA","Create card","true","NAVIGATE","547:1625","Cards / Home","true","[]"
"855:3408","Create Card / Review","855:3435","Review attached circle / Apartment crew","A | Apartment crew","true","NAVIGATE","854:3495","Create Card / Attach Circle","true","[]"
"859:3441","Create Bill / Attach Circle","I1078:6185;1078:6040","Back button","‹","true","NAVIGATE","714:2708","Bills / Home","true","[{""branchIndex"":0,""when"":""NOT(EQUALS($VariableID:1115:5745,))""}]"
"859:3441","Create Bill / Attach Circle","I1078:6185;1078:6040","Back button","‹","true","NAVIGATE","1056:5260","null","false","[{""branchIndex"":1,""when"":""ELSE (previous branches did not match)""}]"
"859:3441","Create Bill / Attach Circle","1077:6674","Circle row / Apartment crew","A | Apartment crew | 3 members","true","NAVIGATE","861:3585","Create Bill / Review","true","[]"
"859:3441","Create Bill / Attach Circle","1077:6685","Circle row / Family circle","F | Family circle | 4 members","true","NAVIGATE","861:3585","Create Bill / Review","true","[]"
"859:3441","Create Bill / Attach Circle","1077:6699","Circle row / Study group","Study group | 3 members","true","NAVIGATE","861:3585","Create Bill / Review","true","[]"
"859:3441","Create Bill / Attach Circle","859:3460","Attach Circle CTA","","false","NAVIGATE","861:3585","Create Bill / Review","true","[]"
"859:3441","Create Bill / Attach Circle","859:3461","Create new Circle","","true","NAVIGATE","335:506","Create Circle / New Circle","true","[]"
"859:3441","Create Bill / Attach Circle","859:3465","No Circle row","","true","NAVIGATE","861:3598","Create Bill / Review / No Circle","true","[]"
"859:3441","Create Bill / Attach Circle","1131:5114","Choose Circle / Apartment","","true","NAVIGATE","861:3585","Create Bill / Review","true","[]"
"859:3441","Create Bill / Attach Circle","1131:5119","Choose Circle / Family","","true","NAVIGATE","861:3585","Create Bill / Review","true","[]"
"859:3441","Create Bill / Attach Circle","1131:5124","Choose Circle / Study","","true","NAVIGATE","861:3585","Create Bill / Review","true","[]"
"861:3572","Create Card / Review / No Circle","I1078:6199;1078:6040","Back button","‹","true","NAVIGATE","854:3495","Create Card / Attach Circle","true","[]"
"861:3572","Create Card / Review / No Circle","861:3577","Attach Card CTA","Create card","true","NAVIGATE","547:1625","Cards / Home","true","[]"
"861:3572","Create Card / Review / No Circle","861:3581","Review attached circle / Apartment crew","","false","NAVIGATE","854:3495","Create Card / Attach Circle","true","[]"
"861:3585","Create Bill / Review","I1078:6206;1078:6040","Back button","‹","true","NAVIGATE","859:3441","Create Bill / Attach Circle","true","[]"
"861:3585","Create Bill / Review","861:3590","Attach Card CTA","Create bill","true","NAVIGATE","714:2708","Bills / Home","true","[]"
"861:3585","Create Bill / Review","1131:5128","Review chosen Circle","A | Apartment crew","true","NAVIGATE","859:3441","Create Bill / Attach Circle","true","[]"
"861:3598","Create Bill / Review / No Circle","I1078:6220;1078:6040","Back button","‹","true","NAVIGATE","859:3441","Create Bill / Attach Circle","true","[]"
"861:3598","Create Bill / Review / No Circle","861:3603","Attach Card CTA","Create bill","true","NAVIGATE","714:2708","Bills / Home","true","[]"
"861:3598","Create Bill / Review / No Circle","861:3607","Review attached circle / Apartment crew","","false","NAVIGATE","859:3441","Create Bill / Attach Circle","true","[]"
"881:3646","Create Bill / Attach Circle / Flexible","I1078:6600;1078:6040","Back button","‹","true","NAVIGATE","1056:5394","null","false","[]"
"881:3646","Create Bill / Attach Circle / Flexible","881:3665","Attach Circle CTA","Continue","true","NAVIGATE","861:3585","Create Bill / Review","true","[]"
"881:3646","Create Bill / Attach Circle / Flexible","881:3666","Create new Circle","","true","NAVIGATE","335:506","Create Circle / New Circle","true","[]"
"881:3646","Create Bill / Attach Circle / Flexible","881:3670","No Circle row","","true","NAVIGATE","881:3751","Create Bill / Review / No Circle / Flexible","true","[]"
"881:3751","Create Bill / Review / No Circle / Flexible","I1078:6614;1078:6040","Back button","‹","true","NAVIGATE","881:3646","Create Bill / Attach Circle / Flexible","true","[]"
"881:3751","Create Bill / Review / No Circle / Flexible","881:3756","Attach Card CTA","Create bill","true","NAVIGATE","714:2708","Bills / Home","true","[]"
"881:3751","Create Bill / Review / No Circle / Flexible","881:3760","Review attached circle / Apartment crew","","false","NAVIGATE","854:3495","Create Card / Attach Circle","true","[]"
"928:4751","Create Card / Choose appearance","I1078:6701;1078:6045","Back button","‹","true","NAVIGATE","854:3466","Create Card / Details","true","[]"
"928:4751","Create Card / Choose appearance","928:4816","Choose appearance CTA","Continue","true","NAVIGATE","854:3495","Create Card / Attach Circle","true","[]"
"1151:5159","Card / Balance details","I1151:5160;1078:6040","Back button","‹","true","NAVIGATE","573:1920","Card Detail / Family","true","[{""branchIndex"":0,""when"":""EQUALS($VariableID:1150:5966,Family)""}]"
"1151:5159","Card / Balance details","I1151:5160;1078:6040","Back button","‹","true","NAVIGATE","573:1988","Card Detail / Grocery","true","[{""branchIndex"":0,""when"":""EQUALS($VariableID:1150:5966,Grocery)""}]"
"1151:5159","Card / Balance details","I1151:5160;1078:6040","Back button","‹","true","NAVIGATE","573:2058","Card Detail / Apartment","true","[{""branchIndex"":0,""when"":""EQUALS($VariableID:1150:5966,Apartment)""}]"
"1151:5159","Card / Balance details","I1151:5160;1078:6040","Back button","‹","true","NAVIGATE","573:2126","Card Detail / Trip","true","[{""branchIndex"":0,""when"":""EQUALS($VariableID:1150:5966,Trip)""}]"
"1151:5159","Card / Balance details","1151:5186","Goal / Primary Button","Fund card","true","NAVIGATE","1151:5189","Card / Fund card","true","[]"
"1151:5189","Card / Fund card","I1151:5190;1078:6040","Back button","‹","true","NAVIGATE","573:1920","Card Detail / Family","true","[{""branchIndex"":0,""when"":""EQUALS($VariableID:1150:5966,Family)""}]"
"1151:5189","Card / Fund card","I1151:5190;1078:6040","Back button","‹","true","NAVIGATE","573:1988","Card Detail / Grocery","true","[{""branchIndex"":0,""when"":""EQUALS($VariableID:1150:5966,Grocery)""}]"
"1151:5189","Card / Fund card","I1151:5190;1078:6040","Back button","‹","true","NAVIGATE","573:2058","Card Detail / Apartment","true","[{""branchIndex"":0,""when"":""EQUALS($VariableID:1150:5966,Apartment)""}]"
"1151:5189","Card / Fund card","I1151:5190;1078:6040","Back button","‹","true","NAVIGATE","573:2126","Card Detail / Trip","true","[{""branchIndex"":0,""when"":""EQUALS($VariableID:1150:5966,Trip)""}]"
"1151:5189","Card / Fund card","1151:5260","Goal / Primary Button","Review transfer","true","NAVIGATE","1151:5263","Card / Review transfer","true","[]"
"1151:5263","Card / Review transfer","I1151:5264;1078:6040","Back button","‹","true","NAVIGATE","1151:5189","Card / Fund card","true","[]"
"1151:5263","Card / Review transfer","1151:5287","Goal / Primary Button","Confirm transfer","true","NAVIGATE","1151:5290","Card / Transfer pending","true","[]"
"1151:5290","Card / Transfer pending","I1151:5291;1078:6040","Back button","‹","true","NAVIGATE","573:1920","Card Detail / Family","true","[{""branchIndex"":0,""when"":""EQUALS($VariableID:1150:5966,Family)""}]"
"1151:5290","Card / Transfer pending","I1151:5291;1078:6040","Back button","‹","true","NAVIGATE","573:1988","Card Detail / Grocery","true","[{""branchIndex"":0,""when"":""EQUALS($VariableID:1150:5966,Grocery)""}]"
"1151:5290","Card / Transfer pending","I1151:5291;1078:6040","Back button","‹","true","NAVIGATE","573:2058","Card Detail / Apartment","true","[{""branchIndex"":0,""when"":""EQUALS($VariableID:1150:5966,Apartment)""}]"
"1151:5290","Card / Transfer pending","I1151:5291;1078:6040","Back button","‹","true","NAVIGATE","573:2126","Card Detail / Trip","true","[{""branchIndex"":0,""when"":""EQUALS($VariableID:1150:5966,Trip)""}]"
"1151:5290","Card / Transfer pending","1151:5311","Goal / Primary Button","Back to card","true","NAVIGATE","573:1920","Card Detail / Family","true","[{""branchIndex"":0,""when"":""EQUALS($VariableID:1150:5966,Family)""}]"
"1151:5290","Card / Transfer pending","1151:5311","Goal / Primary Button","Back to card","true","NAVIGATE","573:1988","Card Detail / Grocery","true","[{""branchIndex"":0,""when"":""EQUALS($VariableID:1150:5966,Grocery)""}]"
"1151:5290","Card / Transfer pending","1151:5311","Goal / Primary Button","Back to card","true","NAVIGATE","573:2058","Card Detail / Apartment","true","[{""branchIndex"":0,""when"":""EQUALS($VariableID:1150:5966,Apartment)""}]"
"1151:5290","Card / Transfer pending","1151:5311","Goal / Primary Button","Back to card","true","NAVIGATE","573:2126","Card Detail / Trip","true","[{""branchIndex"":0,""when"":""EQUALS($VariableID:1150:5966,Trip)""}]"
"1166:5269","Bill / Person contribution details","I1166:5270;1078:6040","Back button","‹","true","NAVIGATE","714:2789","Bill Detail / Internet bill","true","[{""branchIndex"":0,""when"":""EQUALS($VariableID:1165:6251,714:2789)""}]"
"1166:5269","Bill / Person contribution details","I1166:5270;1078:6040","Back button","‹","true","NAVIGATE","714:2847","Bill Detail / Electric","true","[{""branchIndex"":0,""when"":""EQUALS($VariableID:1165:6251,714:2847)""}]"
"1166:5269","Bill / Person contribution details","I1166:5270;1078:6040","Back button","‹","true","NAVIGATE","714:2903","Bill Detail / Phone plan","true","[{""branchIndex"":0,""when"":""EQUALS($VariableID:1165:6251,714:2903)""}]"
"1166:5269","Bill / Person contribution details","I1166:5270;1078:6040","Back button","‹","true","NAVIGATE","714:2960","Bill Detail / Trip lodging","true","[{""branchIndex"":0,""when"":""EQUALS($VariableID:1165:6251,714:2960)""}]"
"1166:5269","Bill / Person contribution details","I1166:5270;1078:6040","Back button","‹","true","NAVIGATE","714:3018","Bill Detail / Groceries","true","[{""branchIndex"":0,""when"":""EQUALS($VariableID:1165:6251,714:3018)""}]"
"1209:6717","Splitfinder / Welcome","1555:19332","Global / Open Inbox","","true","NAVIGATE","1209:7268","Inbox / Inbox Messages","true","[]"
"1209:6717","Splitfinder / Welcome","1555:19329","Global / You","You","true","NAVIGATE","652:2589","You / Settings","true","[]"
"1209:6717","Splitfinder / Welcome","I1209:6728;1208:6394","Action / Continue","Continue","true","NAVIGATE","1224:8773","Splitfinder / Introduction / Three categories","true","[]"
"1209:6717","Splitfinder / Welcome","I1209:6771;1207:6414","Tab / Circles","Circles","true","NAVIGATE","7:423","Circles / Home","true","[]"
"1209:6717","Splitfinder / Welcome","I1209:6771;1207:6422","Tab / Cards","Cards","true","NAVIGATE","547:1625","Cards / Home","true","[]"
"1209:6717","Splitfinder / Welcome","I1209:6771;1207:6427","Tab / Bills","Bills","true","NAVIGATE","714:2708","Bills / Home","true","[]"
"1209:6717","Splitfinder / Welcome","I1209:6771;1207:6432","Tab / Splitfinder","Splitfinder","true","NAVIGATE","1209:6796","Splitfinder / Browse Spaces","true","[{""branchIndex"":0,""when"":""$VariableID:1207:6491""}]"
"1209:6717","Splitfinder / Welcome","I1209:6771;1207:6432","Tab / Splitfinder","Splitfinder","true","NAVIGATE","1209:6717","Splitfinder / Welcome","true","[{""branchIndex"":1,""when"":""ELSE (previous branches did not match)""}]"
"1209:6796","Splitfinder / Browse Spaces","I1753:24113;1717:24181","Search field","Search places","true","NAVIGATE","1720:22982","Splitfinder / Spaces / Search entry / Approved image","true","[]"
"1209:6796","Splitfinder / Browse Spaces","I1753:24113;1717:24184","Open filters","Filters","true","NAVIGATE","1720:23182","Splitfinder / Spaces / Filters / Approved image","true","[]"
"1209:6796","Splitfinder / Browse Spaces","1555:19340","Global / Open Inbox","","true","NAVIGATE","1209:7268","Inbox / Inbox Messages","true","[]"
"1209:6796","Splitfinder / Browse Spaces","1555:19337","Global / You","You","true","NAVIGATE","652:2589","You / Settings","true","[]"
"1209:6796","Splitfinder / Browse Spaces","I1209:6807;1208:6402","Category / Experiences","Experiences","true","NAVIGATE","1209:6860","Splitfinder / Browse Experiences","true","[]"
"1209:6796","Splitfinder / Browse Spaces","I1209:6807;1208:6405","Category / Memberships","Memberships","true","NAVIGATE","1209:6924","Splitfinder / Browse Memberships","true","[]"
"1209:6796","Splitfinder / Browse Spaces","I1209:6807;1668:23458","Residential discovery entry","Find a home to split  ›","true","NAVIGATE","1662:23381","Splitfinder / Residential / browse","true","[]"
"1209:6796","Splitfinder / Browse Spaces","I1209:6807;1208:6409","Splitfinder / Listing card / Spaces","Shared office · Austin | Planning together · Working | Up to $450 / person / month | 3 of 4 committed","true","NAVIGATE","1209:6988","Splitfinder / Detail Spaces","true","[]"
"1209:6796","Splitfinder / Browse Spaces","I1209:6807;1212:8209","Splitfinder / Listing card / Apartment","Apartment · East Austin | Ready to join · Living | Up to $900 / person / month | 1 of 2 committed","true","NAVIGATE","1212:8306","Splitfinder / Detail Apartment","true","[]"
"1209:6796","Splitfinder / Browse Spaces","I1209:6807;1208:6416","Action / View saved listings","View saved listings","true","NAVIGATE","1209:7461","Splitfinder / Saved","true","[]"
"1209:6796","Splitfinder / Browse Spaces","I1209:6831;1207:6414","Tab / Circles","Circles","true","NAVIGATE","7:423","Circles / Home","true","[]"
"1209:6796","Splitfinder / Browse Spaces","I1209:6831;1207:6422","Tab / Cards","Cards","true","NAVIGATE","547:1625","Cards / Home","true","[]"
"1209:6796","Splitfinder / Browse Spaces","I1209:6831;1207:6427","Tab / Bills","Bills","true","NAVIGATE","714:2708","Bills / Home","true","[]"
"1209:6796","Splitfinder / Browse Spaces","1209:6856","Create Action / FAB / New listing","","true","NAVIGATE","1209:8066","Splitfinder / Create","true","[]"
"1209:6860","Splitfinder / Browse Experiences","I1753:24129;1717:24181","Search field","Search experiences","true","NAVIGATE","1720:24882","Splitfinder / Experiences / Search entry / Approved image","true","[]"
"1209:6860","Splitfinder / Browse Experiences","I1753:24129;1717:24184","Open filters","Filters","true","NAVIGATE","1720:25065","Splitfinder / Experiences / Filters / Approved image","true","[]"
"1209:6860","Splitfinder / Browse Experiences","1555:19348","Global / Open Inbox","","true","NAVIGATE","1209:7268","Inbox / Inbox Messages","true","[]"
"1209:6860","Splitfinder / Browse Experiences","1555:19345","Global / You","You","true","NAVIGATE","652:2589","You / Settings","true","[]"
"1209:6860","Splitfinder / Browse Experiences","I1209:6871;1208:6423","Category / Spaces","Spaces","true","NAVIGATE","1209:6796","Splitfinder / Browse Spaces","true","[]"
"1209:6860","Splitfinder / Browse Experiences","I1209:6871;1208:6429","Category / Memberships","Memberships","true","NAVIGATE","1209:6924","Splitfinder / Browse Memberships","true","[]"
"1209:6860","Splitfinder / Browse Experiences","I1209:6871;1208:6433","Splitfinder / Listing card / Experiences","Mountain weekend · Colorado | Planning together · Sep 25–28 | Up to $240 / person | 2 of 4 committed","true","NAVIGATE","1209:7084","Splitfinder / Detail Experiences","true","[]"
"1209:6860","Splitfinder / Browse Experiences","I1209:6871;1208:6440","Action / View saved listings","View saved listings","true","NAVIGATE","1209:7461","Splitfinder / Saved","true","[]"
"1209:6860","Splitfinder / Browse Experiences","I1209:6895;1207:6414","Tab / Circles","Circles","true","NAVIGATE","7:423","Circles / Home","true","[]"
"1209:6860","Splitfinder / Browse Experiences","I1209:6895;1207:6422","Tab / Cards","Cards","true","NAVIGATE","547:1625","Cards / Home","true","[]"
"1209:6860","Splitfinder / Browse Experiences","I1209:6895;1207:6427","Tab / Bills","Bills","true","NAVIGATE","714:2708","Bills / Home","true","[]"
"1209:6860","Splitfinder / Browse Experiences","I1209:6895;1207:6432","Tab / Splitfinder","Splitfinder","true","NAVIGATE","1209:6796","Splitfinder / Browse Spaces","true","[{""branchIndex"":0,""when"":""$VariableID:1207:6491""}]"
"1209:6860","Splitfinder / Browse Experiences","I1209:6895;1207:6432","Tab / Splitfinder","Splitfinder","true","NAVIGATE","1209:6717","Splitfinder / Welcome","true","[{""branchIndex"":1,""when"":""ELSE (previous branches did not match)""}]"
"1209:6860","Splitfinder / Browse Experiences","1209:6920","Create Action / FAB / New listing","","true","NAVIGATE","1209:8066","Splitfinder / Create","true","[]"
"1209:6924","Splitfinder / Browse Memberships","I1753:24145;1717:24181","Search field","Search memberships","true","NAVIGATE","1720:25417","Splitfinder / Memberships / Search entry / Approved image","true","[]"
"1209:6924","Splitfinder / Browse Memberships","I1753:24145;1717:24184","Open filters","Filters","true","NAVIGATE","1720:25600","Splitfinder / Memberships / Filters / Approved image","true","[]"
"1209:6924","Splitfinder / Browse Memberships","1555:19356","Global / Open Inbox","","true","NAVIGATE","1209:7268","Inbox / Inbox Messages","true","[]"
"1209:6924","Splitfinder / Browse Memberships","1555:19353","Global / You","You","true","NAVIGATE","652:2589","You / Settings","true","[]"
"1209:6924","Splitfinder / Browse Memberships","I1209:6935;1208:6447","Category / Spaces","Spaces","true","NAVIGATE","1209:6796","Splitfinder / Browse Spaces","true","[]"
"1209:6924","Splitfinder / Browse Memberships","I1209:6935;1208:6450","Category / Experiences","Experiences","true","NAVIGATE","1209:6860","Splitfinder / Browse Experiences","true","[]"
"1209:6924","Splitfinder / Browse Memberships","I1209:6935;1208:6457","Splitfinder / Listing card / Memberships","Fitness membership · Austin | Ready to join · Group membership | Up to $40 / person / month | 2 of 3 committed","true","NAVIGATE","1209:7180","Splitfinder / Detail Memberships","true","[]"
"1209:6924","Splitfinder / Browse Memberships","I1209:6935;1208:6464","Action / View saved listings","View saved listings","true","NAVIGATE","1209:7461","Splitfinder / Saved","true","[]"
"1209:6924","Splitfinder / Browse Memberships","I1209:6959;1207:6414","Tab / Circles","Circles","true","NAVIGATE","7:423","Circles / Home","true","[]"
"1209:6924","Splitfinder / Browse Memberships","I1209:6959;1207:6422","Tab / Cards","Cards","true","NAVIGATE","547:1625","Cards / Home","true","[]"
"1209:6924","Splitfinder / Browse Memberships","I1209:6959;1207:6427","Tab / Bills","Bills","true","NAVIGATE","714:2708","Bills / Home","true","[]"
"1209:6924","Splitfinder / Browse Memberships","I1209:6959;1207:6432","Tab / Splitfinder","Splitfinder","true","NAVIGATE","1209:6796","Splitfinder / Browse Spaces","true","[{""branchIndex"":0,""when"":""$VariableID:1207:6491""}]"
"1209:6924","Splitfinder / Browse Memberships","I1209:6959;1207:6432","Tab / Splitfinder","Splitfinder","true","NAVIGATE","1209:6717","Splitfinder / Welcome","true","[{""branchIndex"":1,""when"":""ELSE (previous branches did not match)""}]"
"1209:6924","Splitfinder / Browse Memberships","1209:6984","Create Action / FAB / New listing","","true","NAVIGATE","1209:8066","Splitfinder / Create","true","[]"
"1209:6988","Splitfinder / Detail Spaces","1555:19364","Global / Open Inbox","","true","NAVIGATE","1209:7268","Inbox / Inbox Messages","true","[]"
"1209:6988","Splitfinder / Detail Spaces","1555:19361","Global / You","You","true","NAVIGATE","652:2589","You / Settings","true","[]"
"1209:6988","Splitfinder / Detail Spaces","I1209:6999;1208:6521","Action / Message host","Message host","true","NAVIGATE","1209:7514","Splitfinder / Compose Spaces","true","[]"
"1209:6988","Splitfinder / Detail Spaces","I1209:6999;1208:6523","Action / Save listing","Save listing","true","NAVIGATE","1209:7461","Splitfinder / Saved","true","[]"
"1209:6988","Splitfinder / Detail Spaces","I1209:7055;1207:6414","Tab / Circles","Circles","true","NAVIGATE","7:423","Circles / Home","true","[]"
"1209:6988","Splitfinder / Detail Spaces","I1209:7055;1207:6422","Tab / Cards","Cards","true","NAVIGATE","547:1625","Cards / Home","true","[]"
"1209:6988","Splitfinder / Detail Spaces","I1209:7055;1207:6427","Tab / Bills","Bills","true","NAVIGATE","714:2708","Bills / Home","true","[]"
"1209:6988","Splitfinder / Detail Spaces","I1209:7055;1207:6432","Tab / Splitfinder","Splitfinder","true","NAVIGATE","1209:6796","Splitfinder / Browse Spaces","true","[{""branchIndex"":0,""when"":""$VariableID:1207:6491""}]"
"1209:6988","Splitfinder / Detail Spaces","I1209:7055;1207:6432","Tab / Splitfinder","Splitfinder","true","NAVIGATE","1209:6717","Splitfinder / Welcome","true","[{""branchIndex"":1,""when"":""ELSE (previous branches did not match)""}]"
"1209:6988","Splitfinder / Detail Spaces","1209:7080","Splitfinder / Back","","true","NAVIGATE","1209:6796","Splitfinder / Browse Spaces","true","[]"
"1209:7084","Splitfinder / Detail Experiences","1555:19372","Global / Open Inbox","","true","NAVIGATE","1209:7268","Inbox / Inbox Messages","true","[]"
"1209:7084","Splitfinder / Detail Experiences","1555:19369","Global / You","You","true","NAVIGATE","652:2589","You / Settings","true","[]"
"1209:7084","Splitfinder / Detail Experiences","I1209:7095;1208:6577","Action / Message host","Message host","true","NAVIGATE","1209:7644","Splitfinder / Compose Experiences","true","[]"
"1209:7084","Splitfinder / Detail Experiences","I1209:7095;1208:6579","Action / Save listing","Save listing","true","NAVIGATE","1209:7461","Splitfinder / Saved","true","[]"
"1209:7084","Splitfinder / Detail Experiences","I1209:7151;1207:6414","Tab / Circles","Circles","true","NAVIGATE","7:423","Circles / Home","true","[]"
"1209:7084","Splitfinder / Detail Experiences","I1209:7151;1207:6422","Tab / Cards","Cards","true","NAVIGATE","547:1625","Cards / Home","true","[]"
"1209:7084","Splitfinder / Detail Experiences","I1209:7151;1207:6427","Tab / Bills","Bills","true","NAVIGATE","714:2708","Bills / Home","true","[]"
"1209:7084","Splitfinder / Detail Experiences","I1209:7151;1207:6432","Tab / Splitfinder","Splitfinder","true","NAVIGATE","1209:6796","Splitfinder / Browse Spaces","true","[{""branchIndex"":0,""when"":""$VariableID:1207:6491""}]"
"1209:7084","Splitfinder / Detail Experiences","I1209:7151;1207:6432","Tab / Splitfinder","Splitfinder","true","NAVIGATE","1209:6717","Splitfinder / Welcome","true","[{""branchIndex"":1,""when"":""ELSE (previous branches did not match)""}]"
"1209:7084","Splitfinder / Detail Experiences","1209:7176","Splitfinder / Back","","true","NAVIGATE","1209:6796","Splitfinder / Browse Spaces","true","[]"
"1209:7180","Splitfinder / Detail Memberships","1555:19380","Global / Open Inbox","","true","NAVIGATE","1209:7268","Inbox / Inbox Messages","true","[]"
"1209:7180","Splitfinder / Detail Memberships","1555:19377","Global / You","You","true","NAVIGATE","652:2589","You / Settings","true","[]"
"1209:7180","Splitfinder / Detail Memberships","I1209:7191;1208:6625","Action / Message host","Message host","true","NAVIGATE","1209:7774","Splitfinder / Compose Memberships","true","[]"
"1209:7180","Splitfinder / Detail Memberships","I1209:7191;1208:6627","Action / Save listing","Save listing","true","NAVIGATE","1209:7461","Splitfinder / Saved","true","[]"
"1209:7180","Splitfinder / Detail Memberships","I1209:7239;1207:6414","Tab / Circles","Circles","true","NAVIGATE","7:423","Circles / Home","true","[]"
"1209:7180","Splitfinder / Detail Memberships","I1209:7239;1207:6422","Tab / Cards","Cards","true","NAVIGATE","547:1625","Cards / Home","true","[]"
"1209:7180","Splitfinder / Detail Memberships","I1209:7239;1207:6427","Tab / Bills","Bills","true","NAVIGATE","714:2708","Bills / Home","true","[]"
"1209:7180","Splitfinder / Detail Memberships","I1209:7239;1207:6432","Tab / Splitfinder","Splitfinder","true","NAVIGATE","1209:6796","Splitfinder / Browse Spaces","true","[{""branchIndex"":0,""when"":""$VariableID:1207:6491""}]"
"1209:7180","Splitfinder / Detail Memberships","I1209:7239;1207:6432","Tab / Splitfinder","Splitfinder","true","NAVIGATE","1209:6717","Splitfinder / Welcome","true","[{""branchIndex"":1,""when"":""ELSE (previous branches did not match)""}]"
"1209:7180","Splitfinder / Detail Memberships","1209:7264","Splitfinder / Back","","true","NAVIGATE","1209:6796","Splitfinder / Browse Spaces","true","[]"
"1209:7268","Inbox / Inbox Messages","1555:19385","Global / You","You","true","NAVIGATE","652:2589","You / Settings","true","[]"
"1209:7268","Inbox / Inbox Messages","I1209:7279;1208:6630;1207:6464","Inbox tab / Splitfinder","Splitfinder","true","NAVIGATE","1209:7339","Inbox / Inbox Splitfinder","true","[]"
"1209:7268","Inbox / Inbox Messages","I1209:7279;1208:6630;1207:6467","Inbox tab / Invites","Invites","true","NAVIGATE","1209:7402","Inbox / Inbox Invites","true","[]"
"1209:7268","Inbox / Inbox Messages","I1209:7279;1221:8595","Row / Apartment crew","A | Apartment crew | Maya: Shall we review next month’s bills?","true","NAVIGATE","1209:7904","Splitfinder / Regular Apartment","true","[]"
"1209:7268","Inbox / Inbox Messages","I1209:7279;1221:8602","Row / Family circle","F | Family circle | Jordan: Thanks, everyone!","true","NAVIGATE","1209:7958","Splitfinder / Regular Family","true","[]"
"1209:7268","Inbox / Inbox Messages","I1209:7279;1221:8758","Row / Jordan Lee","J | Jordan Lee | You: See you tomorrow.","true","NAVIGATE","1209:8012","Splitfinder / Regular Direct","true","[]"
"1209:7268","Inbox / Inbox Messages","I1209:7314;1211:8158","Tab / Circles","Circles","true","NAVIGATE","7:423","Circles / Home","true","[]"
"1209:7268","Inbox / Inbox Messages","I1209:7314;1211:8161","Tab / Cards","Cards","true","NAVIGATE","547:1625","Cards / Home","true","[]"
"1209:7268","Inbox / Inbox Messages","I1209:7314;1211:8164","Tab / Bills","Bills","true","NAVIGATE","714:2708","Bills / Home","true","[]"
"1209:7268","Inbox / Inbox Messages","I1209:7314;1211:8167","Tab / Splitfinder","Splitfinder","true","NAVIGATE","1209:6796","Splitfinder / Browse Spaces","true","[{""branchIndex"":0,""when"":""$VariableID:1207:6491""}]"
"1209:7268","Inbox / Inbox Messages","I1209:7314;1211:8167","Tab / Splitfinder","Splitfinder","true","NAVIGATE","1209:6717","Splitfinder / Welcome","true","[{""branchIndex"":1,""when"":""ELSE (previous branches did not match)""}]"
"1209:7339","Inbox / Inbox Splitfinder","1555:19395","Global / Open Inbox","","true","NAVIGATE","1209:7268","Inbox / Inbox Messages","true","[]"
"1209:7339","Inbox / Inbox Splitfinder","1555:19392","Global / You","You","true","NAVIGATE","652:2589","You / Settings","true","[]"
"1209:7339","Inbox / Inbox Splitfinder","I1209:7350;1208:6665;1207:6471","Inbox tab / Messages","Messages","true","NAVIGATE","1209:7268","Inbox / Inbox Messages","true","[]"
"1209:7339","Inbox / Inbox Splitfinder","I1209:7350;1208:6665;1207:6477","Inbox tab / Invites","Invites","true","NAVIGATE","1209:7402","Inbox / Inbox Invites","true","[]"
"1209:7339","Inbox / Inbox Splitfinder","I1209:7350;1221:8894","Row / Maya Chen","M | Maya Chen | Shared office · Austin
There’s room for one more.","true","NAVIGATE","1209:7579","Splitfinder / Chat Spaces","true","[]"
"1209:7339","Inbox / Inbox Splitfinder","I1209:7350;1221:8992","Row / Jordan Lee","J | Jordan Lee | Mountain weekend · Colorado
What dates work for you?","true","NAVIGATE","1209:7709","Splitfinder / Chat Experiences","true","[]"
"1209:7339","Inbox / Inbox Splitfinder","I1209:7350;1221:8999","Row / Taylor Reed","T | Taylor Reed | Fitness membership · Austin
Happy to answer your questions.","true","NAVIGATE","1209:7839","Splitfinder / Chat Memberships","true","[]"
"1209:7339","Inbox / Inbox Splitfinder","I1209:7350;1221:8901","Row / Alex Morgan","A | Alex Morgan | Apartment · East Austin
Let’s find a time to talk.","true","NAVIGATE","1212:8530","Splitfinder / Chat Apartment","true","[]"
"1209:7339","Inbox / Inbox Splitfinder","I1209:7377;1211:8158","Tab / Circles","Circles","true","NAVIGATE","7:423","Circles / Home","true","[]"
"1209:7339","Inbox / Inbox Splitfinder","I1209:7377;1211:8161","Tab / Cards","Cards","true","NAVIGATE","547:1625","Cards / Home","true","[]"
"1209:7339","Inbox / Inbox Splitfinder","I1209:7377;1211:8164","Tab / Bills","Bills","true","NAVIGATE","714:2708","Bills / Home","true","[]"
"1209:7339","Inbox / Inbox Splitfinder","I1209:7377;1211:8167","Tab / Splitfinder","Splitfinder","true","NAVIGATE","1209:6796","Splitfinder / Browse Spaces","true","[{""branchIndex"":0,""when"":""$VariableID:1207:6491""}]"
"1209:7339","Inbox / Inbox Splitfinder","I1209:7377;1211:8167","Tab / Splitfinder","Splitfinder","true","NAVIGATE","1209:6717","Splitfinder / Welcome","true","[{""branchIndex"":1,""when"":""ELSE (previous branches did not match)""}]"
"1209:7402","Inbox / Inbox Invites","1555:19403","Global / Open Inbox","","true","NAVIGATE","1209:7268","Inbox / Inbox Messages","true","[]"
"1209:7402","Inbox / Inbox Invites","1555:19400","Global / You","You","true","NAVIGATE","652:2589","You / Settings","true","[]"
"1209:7402","Inbox / Inbox Invites","I1209:7413;1208:6692;1207:6481","Inbox tab / Messages","Messages","true","NAVIGATE","1209:7268","Inbox / Inbox Messages","true","[]"
"1209:7402","Inbox / Inbox Invites","I1209:7413;1208:6692;1207:6484","Inbox tab / Splitfinder","Splitfinder","true","NAVIGATE","1209:7339","Inbox / Inbox Splitfinder","true","[]"
"1209:7402","Inbox / Inbox Invites","I1209:7413;1221:8500","Row / Game night","Game night | Alex invited you to a Circle.","true","NAVIGATE","515:1456","Circle Invite / Game Night","true","[]"
"1209:7402","Inbox / Inbox Invites","I1209:7413;1208:6711","Action / Review Circle invite","Review Circle invite","true","NAVIGATE","515:1456","Circle Invite / Game Night","true","[]"
"1209:7402","Inbox / Inbox Invites","1330:10965","Bill invitation / Review your share","Groceries | Maya invited you · Apartment crew | $18 / week · Review your share","true","NAVIGATE","1330:10437","Bill agreement / Review","true","[]"
"1209:7402","Inbox / Inbox Invites","1612:20884","Card invitation / Grocery","Grocery card · Spending invitation  › | Maya invited you as a Trusted Spender.","true","NAVIGATE","1606:19083","Role / invite / Card invitation","true","[]"
"1209:7402","Inbox / Inbox Invites","I1209:7436;1211:8158","Tab / Circles","Circles","true","NAVIGATE","7:423","Circles / Home","true","[]"
"1209:7402","Inbox / Inbox Invites","I1209:7436;1211:8161","Tab / Cards","Cards","true","NAVIGATE","547:1625","Cards / Home","true","[]"
"1209:7402","Inbox / Inbox Invites","I1209:7436;1211:8164","Tab / Bills","Bills","true","NAVIGATE","714:2708","Bills / Home","true","[]"
"1209:7402","Inbox / Inbox Invites","I1209:7436;1211:8167","Tab / Splitfinder","Splitfinder","true","NAVIGATE","1209:6796","Splitfinder / Browse Spaces","true","[{""branchIndex"":0,""when"":""$VariableID:1207:6491""}]"
"1209:7402","Inbox / Inbox Invites","I1209:7436;1211:8167","Tab / Splitfinder","Splitfinder","true","NAVIGATE","1209:6717","Splitfinder / Welcome","true","[{""branchIndex"":1,""when"":""ELSE (previous branches did not match)""}]"
"1209:7461","Splitfinder / Saved","1555:19411","Global / Open Inbox","","true","NAVIGATE","1209:7268","Inbox / Inbox Messages","true","[]"
"1209:7461","Splitfinder / Saved","1555:19408","Global / You","You","true","NAVIGATE","652:2589","You / Settings","true","[]"
"1209:7461","Splitfinder / Saved","I1209:7472;1208:6725","Action / Explore more listings","Explore more listings","true","NAVIGATE","1209:6796","Splitfinder / Browse Spaces","true","[]"
"1209:7461","Splitfinder / Saved","I1209:7485;1207:6414","Tab / Circles","Circles","true","NAVIGATE","7:423","Circles / Home","true","[]"
"1209:7461","Splitfinder / Saved","I1209:7485;1207:6422","Tab / Cards","Cards","true","NAVIGATE","547:1625","Cards / Home","true","[]"
"1209:7461","Splitfinder / Saved","I1209:7485;1207:6427","Tab / Bills","Bills","true","NAVIGATE","714:2708","Bills / Home","true","[]"
"1209:7461","Splitfinder / Saved","I1209:7485;1207:6432","Tab / Splitfinder","Splitfinder","true","NAVIGATE","1209:6796","Splitfinder / Browse Spaces","true","[{""branchIndex"":0,""when"":""$VariableID:1207:6491""}]"
"1209:7461","Splitfinder / Saved","I1209:7485;1207:6432","Tab / Splitfinder","Splitfinder","true","NAVIGATE","1209:6717","Splitfinder / Welcome","true","[{""branchIndex"":1,""when"":""ELSE (previous branches did not match)""}]"
"1209:7461","Splitfinder / Saved","1209:7510","Splitfinder / Back","","true","NAVIGATE","1209:6796","Splitfinder / Browse Spaces","true","[]"
"1209:7514","Splitfinder / Compose Spaces","1555:19419","Global / Open Inbox","","true","NAVIGATE","1209:7268","Inbox / Inbox Messages","true","[]"
"1209:7514","Splitfinder / Compose Spaces","1555:19416","Global / You","You","true","NAVIGATE","652:2589","You / Settings","true","[]"
"1209:7514","Splitfinder / Compose Spaces","I1209:7525;1209:6439","Action / Send message","Send message","true","NAVIGATE","1209:7579","Splitfinder / Chat Spaces","true","[]"
"1209:7514","Splitfinder / Compose Spaces","I1209:7550;1207:6414","Tab / Circles","Circles","true","NAVIGATE","7:423","Circles / Home","true","[]"
"1209:7514","Splitfinder / Compose Spaces","I1209:7550;1207:6422","Tab / Cards","Cards","true","NAVIGATE","547:1625","Cards / Home","true","[]"
"1209:7514","Splitfinder / Compose Spaces","I1209:7550;1207:6427","Tab / Bills","Bills","true","NAVIGATE","714:2708","Bills / Home","true","[]"
"1209:7514","Splitfinder / Compose Spaces","I1209:7550;1207:6432","Tab / Splitfinder","Splitfinder","true","NAVIGATE","1209:6796","Splitfinder / Browse Spaces","true","[{""branchIndex"":0,""when"":""$VariableID:1207:6491""}]"
"1209:7514","Splitfinder / Compose Spaces","I1209:7550;1207:6432","Tab / Splitfinder","Splitfinder","true","NAVIGATE","1209:6717","Splitfinder / Welcome","true","[{""branchIndex"":1,""when"":""ELSE (previous branches did not match)""}]"
"1209:7514","Splitfinder / Compose Spaces","1209:7575","Splitfinder / Back","","true","NAVIGATE","1209:6988","Splitfinder / Detail Spaces","true","[]"
"1209:7579","Splitfinder / Chat Spaces","1555:19427","Global / Open Inbox","","true","NAVIGATE","1209:7268","Inbox / Inbox Messages","true","[]"
"1209:7579","Splitfinder / Chat Spaces","1555:19424","Global / You","You","true","NAVIGATE","652:2589","You / Settings","true","[]"
"1209:7579","Splitfinder / Chat Spaces","I1209:7590;1221:8379","Row / Shared office · Austin","Shared office · Austin | View listing and everyone’s share","true","NAVIGATE","1209:6988","Splitfinder / Detail Spaces","true","[]"
"1209:7579","Splitfinder / Chat Spaces","I1209:7590;1209:6463","Action / View listing","View listing","true","NAVIGATE","1209:6988","Splitfinder / Detail Spaces","true","[]"
"1209:7579","Splitfinder / Chat Spaces","I1209:7590;1209:6465","Action / Back to Splitfinder inbox","Back to Splitfinder inbox","true","NAVIGATE","1209:7339","Inbox / Inbox Splitfinder","true","[]"
"1209:7579","Splitfinder / Chat Spaces","I1209:7615;1207:6414","Tab / Circles","Circles","true","NAVIGATE","7:423","Circles / Home","true","[]"
"1209:7579","Splitfinder / Chat Spaces","I1209:7615;1207:6422","Tab / Cards","Cards","true","NAVIGATE","547:1625","Cards / Home","true","[]"
"1209:7579","Splitfinder / Chat Spaces","I1209:7615;1207:6427","Tab / Bills","Bills","true","NAVIGATE","714:2708","Bills / Home","true","[]"
"1209:7579","Splitfinder / Chat Spaces","I1209:7615;1207:6432","Tab / Splitfinder","Splitfinder","true","NAVIGATE","1209:6796","Splitfinder / Browse Spaces","true","[{""branchIndex"":0,""when"":""$VariableID:1207:6491""}]"
"1209:7579","Splitfinder / Chat Spaces","I1209:7615;1207:6432","Tab / Splitfinder","Splitfinder","true","NAVIGATE","1209:6717","Splitfinder / Welcome","true","[{""branchIndex"":1,""when"":""ELSE (previous branches did not match)""}]"
"1209:7579","Splitfinder / Chat Spaces","1209:7640","Splitfinder / Back","","true","NAVIGATE","1209:7339","Inbox / Inbox Splitfinder","true","[]"
"1209:7644","Splitfinder / Compose Experiences","1555:19435","Global / Open Inbox","","true","NAVIGATE","1209:7268","Inbox / Inbox Messages","true","[]"
"1209:7644","Splitfinder / Compose Experiences","1555:19432","Global / You","You","true","NAVIGATE","652:2589","You / Settings","true","[]"
"1209:7644","Splitfinder / Compose Experiences","I1209:7655;1209:6489","Action / Send message","Send message","true","NAVIGATE","1209:7709","Splitfinder / Chat Experiences","true","[]"
"1209:7644","Splitfinder / Compose Experiences","I1209:7680;1207:6414","Tab / Circles","Circles","true","NAVIGATE","7:423","Circles / Home","true","[]"
"1209:7644","Splitfinder / Compose Experiences","I1209:7680;1207:6422","Tab / Cards","Cards","true","NAVIGATE","547:1625","Cards / Home","true","[]"
"1209:7644","Splitfinder / Compose Experiences","I1209:7680;1207:6427","Tab / Bills","Bills","true","NAVIGATE","714:2708","Bills / Home","true","[]"
"1209:7644","Splitfinder / Compose Experiences","I1209:7680;1207:6432","Tab / Splitfinder","Splitfinder","true","NAVIGATE","1209:6796","Splitfinder / Browse Spaces","true","[{""branchIndex"":0,""when"":""$VariableID:1207:6491""}]"
"1209:7644","Splitfinder / Compose Experiences","I1209:7680;1207:6432","Tab / Splitfinder","Splitfinder","true","NAVIGATE","1209:6717","Splitfinder / Welcome","true","[{""branchIndex"":1,""when"":""ELSE (previous branches did not match)""}]"
"1209:7644","Splitfinder / Compose Experiences","1209:7705","Splitfinder / Back","","true","NAVIGATE","1209:7084","Splitfinder / Detail Experiences","true","[]"
"1209:7709","Splitfinder / Chat Experiences","1555:19443","Global / Open Inbox","","true","NAVIGATE","1209:7268","Inbox / Inbox Messages","true","[]"
"1209:7709","Splitfinder / Chat Experiences","1555:19440","Global / You","You","true","NAVIGATE","652:2589","You / Settings","true","[]"
"1209:7709","Splitfinder / Chat Experiences","I1209:7720;1221:8395","Row / Mountain weekend · Colorado","Mountain weekend · Colorado | View listing and everyone’s share","true","NAVIGATE","1209:7084","Splitfinder / Detail Experiences","true","[]"
"1209:7709","Splitfinder / Chat Experiences","I1209:7720;1209:6513","Action / View listing","View listing","true","NAVIGATE","1209:7084","Splitfinder / Detail Experiences","true","[]"
"1209:7709","Splitfinder / Chat Experiences","I1209:7720;1209:6515","Action / Back to Splitfinder inbox","Back to Splitfinder inbox","true","NAVIGATE","1209:7339","Inbox / Inbox Splitfinder","true","[]"
"1209:7709","Splitfinder / Chat Experiences","I1209:7745;1207:6414","Tab / Circles","Circles","true","NAVIGATE","7:423","Circles / Home","true","[]"
"1209:7709","Splitfinder / Chat Experiences","I1209:7745;1207:6422","Tab / Cards","Cards","true","NAVIGATE","547:1625","Cards / Home","true","[]"
"1209:7709","Splitfinder / Chat Experiences","I1209:7745;1207:6427","Tab / Bills","Bills","true","NAVIGATE","714:2708","Bills / Home","true","[]"
"1209:7709","Splitfinder / Chat Experiences","I1209:7745;1207:6432","Tab / Splitfinder","Splitfinder","true","NAVIGATE","1209:6796","Splitfinder / Browse Spaces","true","[{""branchIndex"":0,""when"":""$VariableID:1207:6491""}]"
"1209:7709","Splitfinder / Chat Experiences","I1209:7745;1207:6432","Tab / Splitfinder","Splitfinder","true","NAVIGATE","1209:6717","Splitfinder / Welcome","true","[{""branchIndex"":1,""when"":""ELSE (previous branches did not match)""}]"
"1209:7709","Splitfinder / Chat Experiences","1209:7770","Splitfinder / Back","","true","NAVIGATE","1209:7339","Inbox / Inbox Splitfinder","true","[]"
"1209:7774","Splitfinder / Compose Memberships","1555:19451","Global / Open Inbox","","true","NAVIGATE","1209:7268","Inbox / Inbox Messages","true","[]"
"1209:7774","Splitfinder / Compose Memberships","1555:19448","Global / You","You","true","NAVIGATE","652:2589","You / Settings","true","[]"
"1209:7774","Splitfinder / Compose Memberships","I1209:7785;1209:6539","Action / Send message","Send message","true","NAVIGATE","1209:7839","Splitfinder / Chat Memberships","true","[]"
"1209:7774","Splitfinder / Compose Memberships","I1209:7810;1207:6414","Tab / Circles","Circles","true","NAVIGATE","7:423","Circles / Home","true","[]"
"1209:7774","Splitfinder / Compose Memberships","I1209:7810;1207:6422","Tab / Cards","Cards","true","NAVIGATE","547:1625","Cards / Home","true","[]"
"1209:7774","Splitfinder / Compose Memberships","I1209:7810;1207:6427","Tab / Bills","Bills","true","NAVIGATE","714:2708","Bills / Home","true","[]"
"1209:7774","Splitfinder / Compose Memberships","I1209:7810;1207:6432","Tab / Splitfinder","Splitfinder","true","NAVIGATE","1209:6796","Splitfinder / Browse Spaces","true","[{""branchIndex"":0,""when"":""$VariableID:1207:6491""}]"
"1209:7774","Splitfinder / Compose Memberships","I1209:7810;1207:6432","Tab / Splitfinder","Splitfinder","true","NAVIGATE","1209:6717","Splitfinder / Welcome","true","[{""branchIndex"":1,""when"":""ELSE (previous branches did not match)""}]"
"1209:7774","Splitfinder / Compose Memberships","1209:7835","Splitfinder / Back","","true","NAVIGATE","1209:7180","Splitfinder / Detail Memberships","true","[]"
"1209:7839","Splitfinder / Chat Memberships","1555:19459","Global / Open Inbox","","true","NAVIGATE","1209:7268","Inbox / Inbox Messages","true","[]"
"1209:7839","Splitfinder / Chat Memberships","1555:19456","Global / You","You","true","NAVIGATE","652:2589","You / Settings","true","[]"
"1209:7839","Splitfinder / Chat Memberships","I1209:7850;1221:8411","Row / Fitness membership · Austin","Fitness membership · Austin | View listing and everyone’s share","true","NAVIGATE","1209:7180","Splitfinder / Detail Memberships","true","[]"
"1209:7839","Splitfinder / Chat Memberships","I1209:7850;1209:6563","Action / View listing","View listing","true","NAVIGATE","1209:7180","Splitfinder / Detail Memberships","true","[]"
"1209:7839","Splitfinder / Chat Memberships","I1209:7850;1209:6565","Action / Back to Splitfinder inbox","Back to Splitfinder inbox","true","NAVIGATE","1209:7339","Inbox / Inbox Splitfinder","true","[]"
"1209:7839","Splitfinder / Chat Memberships","I1209:7875;1207:6414","Tab / Circles","Circles","true","NAVIGATE","7:423","Circles / Home","true","[]"
"1209:7839","Splitfinder / Chat Memberships","I1209:7875;1207:6422","Tab / Cards","Cards","true","NAVIGATE","547:1625","Cards / Home","true","[]"
"1209:7839","Splitfinder / Chat Memberships","I1209:7875;1207:6427","Tab / Bills","Bills","true","NAVIGATE","714:2708","Bills / Home","true","[]"
"1209:7839","Splitfinder / Chat Memberships","I1209:7875;1207:6432","Tab / Splitfinder","Splitfinder","true","NAVIGATE","1209:6796","Splitfinder / Browse Spaces","true","[{""branchIndex"":0,""when"":""$VariableID:1207:6491""}]"
"1209:7839","Splitfinder / Chat Memberships","I1209:7875;1207:6432","Tab / Splitfinder","Splitfinder","true","NAVIGATE","1209:6717","Splitfinder / Welcome","true","[{""branchIndex"":1,""when"":""ELSE (previous branches did not match)""}]"
"1209:7839","Splitfinder / Chat Memberships","1209:7900","Splitfinder / Back","","true","NAVIGATE","1209:7339","Inbox / Inbox Splitfinder","true","[]"
"1209:7904","Splitfinder / Regular Apartment","1555:19467","Global / Open Inbox","","true","NAVIGATE","1209:7268","Inbox / Inbox Messages","true","[]"
"1209:7904","Splitfinder / Regular Apartment","1555:19464","Global / You","You","true","NAVIGATE","652:2589","You / Settings","true","[]"
"1209:7904","Splitfinder / Regular Apartment","I1209:7915;1209:6577","Action / Open Circle","Open Circle","true","NAVIGATE","218:314","Circle Detail / Overview","true","[]"
"1209:7904","Splitfinder / Regular Apartment","I1209:7915;1209:6579","Action / Back to messages","Back to messages","true","NAVIGATE","1209:7268","Inbox / Inbox Messages","true","[]"
"1209:7904","Splitfinder / Regular Apartment","I1209:7929;1211:8158","Tab / Circles","Circles","true","NAVIGATE","7:423","Circles / Home","true","[]"
"1209:7904","Splitfinder / Regular Apartment","I1209:7929;1211:8161","Tab / Cards","Cards","true","NAVIGATE","547:1625","Cards / Home","true","[]"
"1209:7904","Splitfinder / Regular Apartment","I1209:7929;1211:8164","Tab / Bills","Bills","true","NAVIGATE","714:2708","Bills / Home","true","[]"
"1209:7904","Splitfinder / Regular Apartment","I1209:7929;1211:8167","Tab / Splitfinder","Splitfinder","true","NAVIGATE","1209:6796","Splitfinder / Browse Spaces","true","[{""branchIndex"":0,""when"":""$VariableID:1207:6491""}]"
"1209:7904","Splitfinder / Regular Apartment","I1209:7929;1211:8167","Tab / Splitfinder","Splitfinder","true","NAVIGATE","1209:6717","Splitfinder / Welcome","true","[{""branchIndex"":1,""when"":""ELSE (previous branches did not match)""}]"
"1209:7904","Splitfinder / Regular Apartment","1209:7954","Splitfinder / Back","","true","NAVIGATE","1209:7268","Inbox / Inbox Messages","true","[]"
"1209:7958","Splitfinder / Regular Family","1555:19475","Global / Open Inbox","","true","NAVIGATE","1209:7268","Inbox / Inbox Messages","true","[]"
"1209:7958","Splitfinder / Regular Family","1555:19472","Global / You","You","true","NAVIGATE","652:2589","You / Settings","true","[]"
"1209:7958","Splitfinder / Regular Family","I1209:7969;1209:6591","Action / Open Circle","Open Circle","true","NAVIGATE","371:521","Circle Detail / Family Circle","true","[]"
"1209:7958","Splitfinder / Regular Family","I1209:7969;1209:6593","Action / Back to messages","Back to messages","true","NAVIGATE","1209:7268","Inbox / Inbox Messages","true","[]"
"1209:7958","Splitfinder / Regular Family","I1209:7983;1211:8158","Tab / Circles","Circles","true","NAVIGATE","7:423","Circles / Home","true","[]"
"1209:7958","Splitfinder / Regular Family","I1209:7983;1211:8161","Tab / Cards","Cards","true","NAVIGATE","547:1625","Cards / Home","true","[]"
"1209:7958","Splitfinder / Regular Family","I1209:7983;1211:8164","Tab / Bills","Bills","true","NAVIGATE","714:2708","Bills / Home","true","[]"
"1209:7958","Splitfinder / Regular Family","I1209:7983;1211:8167","Tab / Splitfinder","Splitfinder","true","NAVIGATE","1209:6796","Splitfinder / Browse Spaces","true","[{""branchIndex"":0,""when"":""$VariableID:1207:6491""}]"
"1209:7958","Splitfinder / Regular Family","I1209:7983;1211:8167","Tab / Splitfinder","Splitfinder","true","NAVIGATE","1209:6717","Splitfinder / Welcome","true","[{""branchIndex"":1,""when"":""ELSE (previous branches did not match)""}]"
"1209:7958","Splitfinder / Regular Family","1209:8008","Splitfinder / Back","","true","NAVIGATE","1209:7268","Inbox / Inbox Messages","true","[]"
"1209:8012","Splitfinder / Regular Direct","1555:19483","Global / Open Inbox","","true","NAVIGATE","1209:7268","Inbox / Inbox Messages","true","[]"
"1209:8012","Splitfinder / Regular Direct","1555:19480","Global / You","You","true","NAVIGATE","652:2589","You / Settings","true","[]"
"1209:8012","Splitfinder / Regular Direct","I1209:8023;1209:6605","Action / Back to messages","Back to messages","true","NAVIGATE","1209:7268","Inbox / Inbox Messages","true","[]"
"1209:8012","Splitfinder / Regular Direct","I1209:8023;1209:6607","Action / Back to messages","Back to messages","true","NAVIGATE","1209:7268","Inbox / Inbox Messages","true","[]"
"1209:8012","Splitfinder / Regular Direct","I1209:8037;1211:8158","Tab / Circles","Circles","true","NAVIGATE","7:423","Circles / Home","true","[]"
"1209:8012","Splitfinder / Regular Direct","I1209:8037;1211:8161","Tab / Cards","Cards","true","NAVIGATE","547:1625","Cards / Home","true","[]"
"1209:8012","Splitfinder / Regular Direct","I1209:8037;1211:8164","Tab / Bills","Bills","true","NAVIGATE","714:2708","Bills / Home","true","[]"
"1209:8012","Splitfinder / Regular Direct","I1209:8037;1211:8167","Tab / Splitfinder","Splitfinder","true","NAVIGATE","1209:6796","Splitfinder / Browse Spaces","true","[{""branchIndex"":0,""when"":""$VariableID:1207:6491""}]"
"1209:8012","Splitfinder / Regular Direct","I1209:8037;1211:8167","Tab / Splitfinder","Splitfinder","true","NAVIGATE","1209:6717","Splitfinder / Welcome","true","[{""branchIndex"":1,""when"":""ELSE (previous branches did not match)""}]"
"1209:8012","Splitfinder / Regular Direct","1209:8062","Splitfinder / Back","","true","NAVIGATE","1209:7268","Inbox / Inbox Messages","true","[]"
"1209:8066","Splitfinder / Create","1555:19491","Global / Open Inbox","","true","NAVIGATE","1209:7268","Inbox / Inbox Messages","true","[]"
"1209:8066","Splitfinder / Create","1555:19488","Global / You","You","true","NAVIGATE","652:2589","You / Settings","true","[]"
"1209:8066","Splitfinder / Create","I1209:8077;1221:8908","Row / Spaces","Spaces | Homes, offices, and creative spaces","true","NAVIGATE","1246:7862","Splitfinder / Create listing / space_kind","true","[]"
"1209:8066","Splitfinder / Create","I1209:8077;1221:9006","Row / Experiences","Experiences | Trips, activities, and shared adventures","true","NAVIGATE","1246:8693","Splitfinder / Create listing / experience_kind","true","[]"
"1209:8066","Splitfinder / Create","I1209:8077;1221:8508","Row / Memberships","Memberships | Eligible plans and shared access","true","NAVIGATE","1246:9031","Splitfinder / Create listing / membership_source","true","[]"
"1209:8066","Splitfinder / Create","I1209:8103;1207:6414","Tab / Circles","Circles","true","NAVIGATE","7:423","Circles / Home","true","[]"
"1209:8066","Splitfinder / Create","I1209:8103;1207:6422","Tab / Cards","Cards","true","NAVIGATE","547:1625","Cards / Home","true","[]"
"1209:8066","Splitfinder / Create","I1209:8103;1207:6427","Tab / Bills","Bills","true","NAVIGATE","714:2708","Bills / Home","true","[]"
"1209:8066","Splitfinder / Create","I1209:8103;1207:6432","Tab / Splitfinder","Splitfinder","true","NAVIGATE","1209:6796","Splitfinder / Browse Spaces","true","[{""branchIndex"":0,""when"":""$VariableID:1207:6491""}]"
"1209:8066","Splitfinder / Create","I1209:8103;1207:6432","Tab / Splitfinder","Splitfinder","true","NAVIGATE","1209:6717","Splitfinder / Welcome","true","[{""branchIndex"":1,""when"":""ELSE (previous branches did not match)""}]"
"1209:8066","Splitfinder / Create","1209:8128","Splitfinder / Back","","true","NAVIGATE","1209:6796","Splitfinder / Browse Spaces","true","[]"
"1209:8132","Splitfinder / Create Spaces","1555:19499","Global / Open Inbox","","true","NAVIGATE","1209:7268","Inbox / Inbox Messages","true","[]"
"1209:8132","Splitfinder / Create Spaces","1555:19496","Global / You","You","true","NAVIGATE","652:2589","You / Settings","true","[]"
"1209:8132","Splitfinder / Create Spaces","I1209:8143;1209:6639","Splitfinder / Listing card / Spaces","Shared office · Austin | Planning together · Working | Up to $450 / person / month | 0 of 4 committed · You","true","NAVIGATE","1209:6988","Splitfinder / Detail Spaces","true","[]"
"1209:8132","Splitfinder / Create Spaces","I1209:8143;1209:6653","Action / Publish listing","Publish listing","true","NAVIGATE","1209:8318","Splitfinder / Published","true","[]"
"1209:8132","Splitfinder / Create Spaces","I1209:8143;1209:6655","Action / Choose another category","Choose another category","true","NAVIGATE","1209:8066","Splitfinder / Create","true","[]"
"1209:8132","Splitfinder / Create Spaces","I1209:8165;1207:6414","Tab / Circles","Circles","true","NAVIGATE","7:423","Circles / Home","true","[]"
"1209:8132","Splitfinder / Create Spaces","I1209:8165;1207:6422","Tab / Cards","Cards","true","NAVIGATE","547:1625","Cards / Home","true","[]"
"1209:8132","Splitfinder / Create Spaces","I1209:8165;1207:6427","Tab / Bills","Bills","true","NAVIGATE","714:2708","Bills / Home","true","[]"
"1209:8132","Splitfinder / Create Spaces","I1209:8165;1207:6432","Tab / Splitfinder","Splitfinder","true","NAVIGATE","1209:6796","Splitfinder / Browse Spaces","true","[{""branchIndex"":0,""when"":""$VariableID:1207:6491""}]"
"1209:8132","Splitfinder / Create Spaces","I1209:8165;1207:6432","Tab / Splitfinder","Splitfinder","true","NAVIGATE","1209:6717","Splitfinder / Welcome","true","[{""branchIndex"":1,""when"":""ELSE (previous branches did not match)""}]"
"1209:8132","Splitfinder / Create Spaces","1209:8190","Splitfinder / Back","","true","NAVIGATE","1209:8066","Splitfinder / Create","true","[]"
"1209:8194","Splitfinder / Create Experiences","1555:19507","Global / Open Inbox","","true","NAVIGATE","1209:7268","Inbox / Inbox Messages","true","[]"
"1209:8194","Splitfinder / Create Experiences","1555:19504","Global / You","You","true","NAVIGATE","652:2589","You / Settings","true","[]"
"1209:8194","Splitfinder / Create Experiences","I1209:8205;1209:6661","Splitfinder / Listing card / Experiences","Mountain weekend · Colorado | Planning together · Sep 25–28 | Up to $240 / person | 0 of 4 committed · You","true","NAVIGATE","1209:7084","Splitfinder / Detail Experiences","true","[]"
"1209:8194","Splitfinder / Create Experiences","I1209:8205;1209:6675","Action / Publish listing","Publish listing","true","NAVIGATE","1209:8318","Splitfinder / Published","true","[]"
"1209:8194","Splitfinder / Create Experiences","I1209:8205;1209:6677","Action / Choose another category","Choose another category","true","NAVIGATE","1209:8066","Splitfinder / Create","true","[]"
"1209:8194","Splitfinder / Create Experiences","I1209:8227;1207:6414","Tab / Circles","Circles","true","NAVIGATE","7:423","Circles / Home","true","[]"
"1209:8194","Splitfinder / Create Experiences","I1209:8227;1207:6422","Tab / Cards","Cards","true","NAVIGATE","547:1625","Cards / Home","true","[]"
"1209:8194","Splitfinder / Create Experiences","I1209:8227;1207:6427","Tab / Bills","Bills","true","NAVIGATE","714:2708","Bills / Home","true","[]"
"1209:8194","Splitfinder / Create Experiences","I1209:8227;1207:6432","Tab / Splitfinder","Splitfinder","true","NAVIGATE","1209:6796","Splitfinder / Browse Spaces","true","[{""branchIndex"":0,""when"":""$VariableID:1207:6491""}]"
"1209:8194","Splitfinder / Create Experiences","I1209:8227;1207:6432","Tab / Splitfinder","Splitfinder","true","NAVIGATE","1209:6717","Splitfinder / Welcome","true","[{""branchIndex"":1,""when"":""ELSE (previous branches did not match)""}]"
"1209:8194","Splitfinder / Create Experiences","1209:8252","Splitfinder / Back","","true","NAVIGATE","1209:8066","Splitfinder / Create","true","[]"
"1209:8256","Splitfinder / Create Memberships","1555:19515","Global / Open Inbox","","true","NAVIGATE","1209:7268","Inbox / Inbox Messages","true","[]"
"1209:8256","Splitfinder / Create Memberships","1555:19512","Global / You","You","true","NAVIGATE","652:2589","You / Settings","true","[]"
"1209:8256","Splitfinder / Create Memberships","I1209:8267;1209:6683","Splitfinder / Listing card / Memberships","Fitness membership · Austin | Ready to join · Group membership | Up to $40 / person / month | 0 of 3 committed · You","true","NAVIGATE","1209:7180","Splitfinder / Detail Memberships","true","[]"
"1209:8256","Splitfinder / Create Memberships","I1209:8267;1209:6697","Action / Publish listing","Publish listing","true","NAVIGATE","1209:8318","Splitfinder / Published","true","[]"
"1209:8256","Splitfinder / Create Memberships","I1209:8267;1209:6699","Action / Choose another category","Choose another category","true","NAVIGATE","1209:8066","Splitfinder / Create","true","[]"
"1209:8256","Splitfinder / Create Memberships","I1209:8289;1207:6414","Tab / Circles","Circles","true","NAVIGATE","7:423","Circles / Home","true","[]"
"1209:8256","Splitfinder / Create Memberships","I1209:8289;1207:6422","Tab / Cards","Cards","true","NAVIGATE","547:1625","Cards / Home","true","[]"
"1209:8256","Splitfinder / Create Memberships","I1209:8289;1207:6427","Tab / Bills","Bills","true","NAVIGATE","714:2708","Bills / Home","true","[]"
"1209:8256","Splitfinder / Create Memberships","I1209:8289;1207:6432","Tab / Splitfinder","Splitfinder","true","NAVIGATE","1209:6796","Splitfinder / Browse Spaces","true","[{""branchIndex"":0,""when"":""$VariableID:1207:6491""}]"
"1209:8256","Splitfinder / Create Memberships","I1209:8289;1207:6432","Tab / Splitfinder","Splitfinder","true","NAVIGATE","1209:6717","Splitfinder / Welcome","true","[{""branchIndex"":1,""when"":""ELSE (previous branches did not match)""}]"
"1209:8256","Splitfinder / Create Memberships","1209:8314","Splitfinder / Back","","true","NAVIGATE","1209:8066","Splitfinder / Create","true","[]"
"1209:8318","Splitfinder / Published","1555:19523","Global / Open Inbox","","true","NAVIGATE","1209:7268","Inbox / Inbox Messages","true","[]"
"1209:8318","Splitfinder / Published","1555:19520","Global / You","You","true","NAVIGATE","652:2589","You / Settings","true","[]"
"1209:8318","Splitfinder / Published","I1209:8329;1209:6713","Action / Open Splitfinder inbox","Open Splitfinder inbox","true","NAVIGATE","1209:7339","Inbox / Inbox Splitfinder","true","[]"
"1209:8318","Splitfinder / Published","I1209:8329;1209:6715","Action / Explore listings","Explore listings","true","NAVIGATE","1209:6796","Splitfinder / Browse Spaces","true","[]"
"1209:8318","Splitfinder / Published","I1209:8345;1207:6414","Tab / Circles","Circles","true","NAVIGATE","7:423","Circles / Home","true","[]"
"1209:8318","Splitfinder / Published","I1209:8345;1207:6422","Tab / Cards","Cards","true","NAVIGATE","547:1625","Cards / Home","true","[]"
"1209:8318","Splitfinder / Published","I1209:8345;1207:6427","Tab / Bills","Bills","true","NAVIGATE","714:2708","Bills / Home","true","[]"
"1209:8318","Splitfinder / Published","I1209:8345;1207:6432","Tab / Splitfinder","Splitfinder","true","NAVIGATE","1209:6796","Splitfinder / Browse Spaces","true","[{""branchIndex"":0,""when"":""$VariableID:1207:6491""}]"
"1209:8318","Splitfinder / Published","I1209:8345;1207:6432","Tab / Splitfinder","Splitfinder","true","NAVIGATE","1209:6717","Splitfinder / Welcome","true","[{""branchIndex"":1,""when"":""ELSE (previous branches did not match)""}]"
"1209:8318","Splitfinder / Published","1209:8370","Splitfinder / Back","","true","NAVIGATE","1209:6796","Splitfinder / Browse Spaces","true","[]"
"1212:8306","Splitfinder / Detail Apartment","1555:19531","Global / Open Inbox","","true","NAVIGATE","1209:7268","Inbox / Inbox Messages","true","[]"
"1212:8306","Splitfinder / Detail Apartment","1555:19528","Global / You","You","true","NAVIGATE","652:2589","You / Settings","true","[]"
"1212:8306","Splitfinder / Detail Apartment","I1212:8311;1212:8205","Action / Message host","Message host","true","NAVIGATE","1212:8442","Splitfinder / Compose Apartment","true","[]"
"1212:8306","Splitfinder / Detail Apartment","I1212:8311;1212:8206","Action / Save listing","Save listing","true","NAVIGATE","1209:7461","Splitfinder / Saved","true","[]"
"1212:8306","Splitfinder / Detail Apartment","I1212:8312;1207:6414","Tab / Circles","Circles","true","NAVIGATE","7:423","Circles / Home","true","[]"
"1212:8306","Splitfinder / Detail Apartment","I1212:8312;1207:6422","Tab / Cards","Cards","true","NAVIGATE","547:1625","Cards / Home","true","[]"
"1212:8306","Splitfinder / Detail Apartment","I1212:8312;1207:6427","Tab / Bills","Bills","true","NAVIGATE","714:2708","Bills / Home","true","[]"
"1212:8306","Splitfinder / Detail Apartment","I1212:8312;1207:6432","Tab / Splitfinder","Splitfinder","true","NAVIGATE","1209:6796","Splitfinder / Browse Spaces","true","[{""branchIndex"":0,""when"":""$VariableID:1207:6491""}]"
"1212:8306","Splitfinder / Detail Apartment","I1212:8312;1207:6432","Tab / Splitfinder","Splitfinder","true","NAVIGATE","1209:6717","Splitfinder / Welcome","true","[{""branchIndex"":1,""when"":""ELSE (previous branches did not match)""}]"
"1212:8306","Splitfinder / Detail Apartment","1212:8313","Splitfinder / Back","","true","NAVIGATE","1209:6796","Splitfinder / Browse Spaces","true","[]"
"1212:8442","Splitfinder / Compose Apartment","1555:19539","Global / Open Inbox","","true","NAVIGATE","1209:7268","Inbox / Inbox Messages","true","[]"
"1212:8442","Splitfinder / Compose Apartment","1555:19536","Global / You","You","true","NAVIGATE","652:2589","You / Settings","true","[]"
"1212:8442","Splitfinder / Compose Apartment","I1212:8447;1212:8269","Action / Send message","Send message","true","NAVIGATE","1212:8530","Splitfinder / Chat Apartment","true","[]"
"1212:8442","Splitfinder / Compose Apartment","I1212:8448;1207:6414","Tab / Circles","Circles","true","NAVIGATE","7:423","Circles / Home","true","[]"
"1212:8442","Splitfinder / Compose Apartment","I1212:8448;1207:6422","Tab / Cards","Cards","true","NAVIGATE","547:1625","Cards / Home","true","[]"
"1212:8442","Splitfinder / Compose Apartment","I1212:8448;1207:6427","Tab / Bills","Bills","true","NAVIGATE","714:2708","Bills / Home","true","[]"
"1212:8442","Splitfinder / Compose Apartment","I1212:8448;1207:6432","Tab / Splitfinder","Splitfinder","true","NAVIGATE","1209:6796","Splitfinder / Browse Spaces","true","[{""branchIndex"":0,""when"":""$VariableID:1207:6491""}]"
"1212:8442","Splitfinder / Compose Apartment","I1212:8448;1207:6432","Tab / Splitfinder","Splitfinder","true","NAVIGATE","1209:6717","Splitfinder / Welcome","true","[{""branchIndex"":1,""when"":""ELSE (previous branches did not match)""}]"
"1212:8442","Splitfinder / Compose Apartment","1212:8449","Splitfinder / Back","","true","NAVIGATE","1212:8306","Splitfinder / Detail Apartment","true","[]"
"1212:8530","Splitfinder / Chat Apartment","1555:19547","Global / Open Inbox","","true","NAVIGATE","1209:7268","Inbox / Inbox Messages","true","[]"
"1212:8530","Splitfinder / Chat Apartment","1555:19544","Global / You","You","true","NAVIGATE","652:2589","You / Settings","true","[]"
"1212:8530","Splitfinder / Chat Apartment","I1212:8535;1221:8427","Row / Shared office · Austin","Apartment · East Austin | View listing and everyone’s share","true","NAVIGATE","1209:6988","Splitfinder / Detail Spaces","true","[]"
"1212:8530","Splitfinder / Chat Apartment","I1212:8535;1212:8293","Action / View listing","View listing","true","NAVIGATE","1212:8306","Splitfinder / Detail Apartment","true","[]"
"1212:8530","Splitfinder / Chat Apartment","I1212:8535;1212:8294","Action / Back to Splitfinder inbox","Back to Splitfinder inbox","true","NAVIGATE","1209:7339","Inbox / Inbox Splitfinder","true","[]"
"1212:8530","Splitfinder / Chat Apartment","I1212:8536;1207:6414","Tab / Circles","Circles","true","NAVIGATE","7:423","Circles / Home","true","[]"
"1212:8530","Splitfinder / Chat Apartment","I1212:8536;1207:6422","Tab / Cards","Cards","true","NAVIGATE","547:1625","Cards / Home","true","[]"
"1212:8530","Splitfinder / Chat Apartment","I1212:8536;1207:6427","Tab / Bills","Bills","true","NAVIGATE","714:2708","Bills / Home","true","[]"
"1212:8530","Splitfinder / Chat Apartment","I1212:8536;1207:6432","Tab / Splitfinder","Splitfinder","true","NAVIGATE","1209:6796","Splitfinder / Browse Spaces","true","[{""branchIndex"":0,""when"":""$VariableID:1207:6491""}]"
"1212:8530","Splitfinder / Chat Apartment","I1212:8536;1207:6432","Tab / Splitfinder","Splitfinder","true","NAVIGATE","1209:6717","Splitfinder / Welcome","true","[{""branchIndex"":1,""when"":""ELSE (previous branches did not match)""}]"
"1212:8530","Splitfinder / Chat Apartment","1212:8537","Splitfinder / Back","","true","NAVIGATE","1209:7339","Inbox / Inbox Splitfinder","true","[]"
"1224:8773","Splitfinder / Introduction / Three categories","1555:19555","Global / Open Inbox","","true","NAVIGATE","1209:7268","Inbox / Inbox Messages","true","[]"
"1224:8773","Splitfinder / Introduction / Three categories","1555:19552","Global / You","You","true","NAVIGATE","652:2589","You / Settings","true","[]"
"1224:8773","Splitfinder / Introduction / Three categories","I1224:8778;1224:8725","Action / Explore Splitfinder","Explore Splitfinder","true","NAVIGATE","1209:6796","Splitfinder / Browse Spaces","true","[]"
"1224:8773","Splitfinder / Introduction / Three categories","I1224:8903;1207:6414","Tab / Circles","Circles","true","NAVIGATE","7:423","Circles / Home","true","[]"
"1224:8773","Splitfinder / Introduction / Three categories","I1224:8903;1207:6422","Tab / Cards","Cards","true","NAVIGATE","547:1625","Cards / Home","true","[]"
"1224:8773","Splitfinder / Introduction / Three categories","I1224:8903;1207:6427","Tab / Bills","Bills","true","NAVIGATE","714:2708","Bills / Home","true","[]"
"1224:8773","Splitfinder / Introduction / Three categories","I1224:8903;1207:6432","Tab / Splitfinder","Splitfinder","true","NAVIGATE","1209:6796","Splitfinder / Browse Spaces","true","[{""branchIndex"":0,""when"":""$VariableID:1207:6491""}]"
"1224:8773","Splitfinder / Introduction / Three categories","I1224:8903;1207:6432","Tab / Splitfinder","Splitfinder","true","NAVIGATE","1224:8773","Splitfinder / Introduction / Three categories","true","[{""branchIndex"":1,""when"":""ELSE (previous branches did not match)""}]"
"1224:8773","Splitfinder / Introduction / Three categories","1224:8889","Back to introduction","","true","NAVIGATE","1209:6717","Splitfinder / Welcome","true","[]"
"1246:7862","Splitfinder / Create listing / space_kind","1246:7863","Back","","true","NAVIGATE","1209:8066","Splitfinder / Create","true","[]"
"1246:7862","Splitfinder / Create listing / space_kind","1555:19563","Global / Open Inbox","","true","NAVIGATE","1209:7339","Inbox / Inbox Splitfinder","true","[]"
"1246:7862","Splitfinder / Create listing / space_kind","1555:19560","Global / You","You","true","NAVIGATE","652:2589","You / Settings","true","[]"
"1246:7862","Splitfinder / Create listing / space_kind","I1246:7878;1245:8776","Choice / Living","Living | Rooms, apartments, and shared homes","true","NAVIGATE","1246:7943","Splitfinder / Create listing / living_status","true","[]"
"1246:7862","Splitfinder / Create listing / space_kind","I1246:7878;1245:8784","Choice / Working","Working | Offices, desks, and creative studios","true","NAVIGATE","1246:8024","Splitfinder / Create listing / work_status","true","[]"
"1246:7862","Splitfinder / Create listing / space_kind","I1246:7912;1207:6414","Tab / Circles","Circles","true","NAVIGATE","7:423","Circles / Home","true","[]"
"1246:7862","Splitfinder / Create listing / space_kind","I1246:7912;1207:6422","Tab / Cards","Cards","true","NAVIGATE","547:1625","Cards / Home","true","[]"
"1246:7862","Splitfinder / Create listing / space_kind","I1246:7912;1207:6427","Tab / Bills","Bills","true","NAVIGATE","714:2708","Bills / Home","true","[]"
"1246:7862","Splitfinder / Create listing / space_kind","I1246:7912;1207:6432","Tab / Splitfinder","Splitfinder","true","NAVIGATE","1209:6796","Splitfinder / Browse Spaces","true","[]"
"1246:7862","Splitfinder / Create listing / space_kind","1246:7941","Save and exit","Save and exit","true","NAVIGATE","1246:10438","Splitfinder / Create listing / draft_saved","true","[]"
"1246:7943","Splitfinder / Create listing / living_status","1246:7944","Back","","true","NAVIGATE","1246:7862","Splitfinder / Create listing / space_kind","true","[]"
"1246:7943","Splitfinder / Create listing / living_status","1555:19571","Global / Open Inbox","","true","NAVIGATE","1209:7339","Inbox / Inbox Splitfinder","true","[]"
"1246:7943","Splitfinder / Create listing / living_status","1555:19568","Global / You","You","true","NAVIGATE","652:2589","You / Settings","true","[]"
"1246:7943","Splitfinder / Create listing / living_status","I1246:7959;1245:8796","Choice / I have a place","I have a place | Share an existing home or available room.","true","NAVIGATE","1246:8105","Splitfinder / Create listing / living_location","true","[]"
"1246:7943","Splitfinder / Create listing / living_status","I1246:7959;1245:8804","Choice / Let’s find a place","Let’s find a place | Look for a home together in your target area.","true","NAVIGATE","1662:22425","Splitfinder / Residential / address","true","[]"
"1246:7943","Splitfinder / Create listing / living_status","I1246:7993;1207:6414","Tab / Circles","Circles","true","NAVIGATE","7:423","Circles / Home","true","[]"
"1246:7943","Splitfinder / Create listing / living_status","I1246:7993;1207:6422","Tab / Cards","Cards","true","NAVIGATE","547:1625","Cards / Home","true","[]"
"1246:7943","Splitfinder / Create listing / living_status","I1246:7993;1207:6427","Tab / Bills","Bills","true","NAVIGATE","714:2708","Bills / Home","true","[]"
"1246:7943","Splitfinder / Create listing / living_status","I1246:7993;1207:6432","Tab / Splitfinder","Splitfinder","true","NAVIGATE","1209:6796","Splitfinder / Browse Spaces","true","[]"
"1246:7943","Splitfinder / Create listing / living_status","1246:8022","Save and exit","Save and exit","true","NAVIGATE","1246:10438","Splitfinder / Create listing / draft_saved","true","[]"
"1246:8024","Splitfinder / Create listing / work_status","1246:8025","Back","","true","NAVIGATE","1246:7862","Splitfinder / Create listing / space_kind","true","[]"
"1246:8024","Splitfinder / Create listing / work_status","1555:19579","Global / Open Inbox","","true","NAVIGATE","1209:7339","Inbox / Inbox Splitfinder","true","[]"
"1246:8024","Splitfinder / Create listing / work_status","1555:19576","Global / You","You","true","NAVIGATE","652:2589","You / Settings","true","[]"
"1246:8024","Splitfinder / Create listing / work_status","I1246:8040;1245:8816","Choice / I have a workspace","I have a workspace | An office or studio you can offer now.","true","NAVIGATE","1246:8186","Splitfinder / Create listing / work_location","true","[]"
"1246:8024","Splitfinder / Create listing / work_status","I1246:8040;1245:8824","Choice / Let’s find a workspace","Let’s find a workspace | Form a group before choosing a place.","true","NAVIGATE","1246:8348","Splitfinder / Create listing / work_search","true","[]"
"1246:8024","Splitfinder / Create listing / work_status","I1246:8074;1207:6414","Tab / Circles","Circles","true","NAVIGATE","7:423","Circles / Home","true","[]"
"1246:8024","Splitfinder / Create listing / work_status","I1246:8074;1207:6422","Tab / Cards","Cards","true","NAVIGATE","547:1625","Cards / Home","true","[]"
"1246:8024","Splitfinder / Create listing / work_status","I1246:8074;1207:6427","Tab / Bills","Bills","true","NAVIGATE","714:2708","Bills / Home","true","[]"
"1246:8024","Splitfinder / Create listing / work_status","I1246:8074;1207:6432","Tab / Splitfinder","Splitfinder","true","NAVIGATE","1209:6796","Splitfinder / Browse Spaces","true","[]"
"1246:8024","Splitfinder / Create listing / work_status","1246:8103","Save and exit","Save and exit","true","NAVIGATE","1246:10438","Splitfinder / Create listing / draft_saved","true","[]"
"1246:8105","Splitfinder / Create listing / living_location","1246:8106","Back","","true","NAVIGATE","1246:7943","Splitfinder / Create listing / living_status","true","[]"
"1246:8105","Splitfinder / Create listing / living_location","1555:19587","Global / Open Inbox","","true","NAVIGATE","1209:7339","Inbox / Inbox Splitfinder","true","[]"
"1246:8105","Splitfinder / Create listing / living_location","1555:19584","Global / You","You","true","NAVIGATE","652:2589","You / Settings","true","[]"
"1246:8105","Splitfinder / Create listing / living_location","I1246:8153;1207:6414","Tab / Circles","Circles","true","NAVIGATE","7:423","Circles / Home","true","[]"
"1246:8105","Splitfinder / Create listing / living_location","I1246:8153;1207:6422","Tab / Cards","Cards","true","NAVIGATE","547:1625","Cards / Home","true","[]"
"1246:8105","Splitfinder / Create listing / living_location","I1246:8153;1207:6427","Tab / Bills","Bills","true","NAVIGATE","714:2708","Bills / Home","true","[]"
"1246:8105","Splitfinder / Create listing / living_location","I1246:8153;1207:6432","Tab / Splitfinder","Splitfinder","true","NAVIGATE","1209:6796","Splitfinder / Browse Spaces","true","[]"
"1246:8105","Splitfinder / Create listing / living_location","1246:8182","Continue step","Continue","true","NAVIGATE","1246:8429","Splitfinder / Create listing / living_details","true","[]"
"1246:8105","Splitfinder / Create listing / living_location","1246:8184","Save and exit","Save and exit","true","NAVIGATE","1246:10438","Splitfinder / Create listing / draft_saved","true","[]"
"1246:8186","Splitfinder / Create listing / work_location","1246:8187","Back","","true","NAVIGATE","1246:8024","Splitfinder / Create listing / work_status","true","[]"
"1246:8186","Splitfinder / Create listing / work_location","1555:19595","Global / Open Inbox","","true","NAVIGATE","1209:7339","Inbox / Inbox Splitfinder","true","[]"
"1246:8186","Splitfinder / Create listing / work_location","1555:19592","Global / You","You","true","NAVIGATE","652:2589","You / Settings","true","[]"
"1246:8186","Splitfinder / Create listing / work_location","I1246:8234;1207:6414","Tab / Circles","Circles","true","NAVIGATE","7:423","Circles / Home","true","[]"
"1246:8186","Splitfinder / Create listing / work_location","I1246:8234;1207:6422","Tab / Cards","Cards","true","NAVIGATE","547:1625","Cards / Home","true","[]"
"1246:8186","Splitfinder / Create listing / work_location","I1246:8234;1207:6427","Tab / Bills","Bills","true","NAVIGATE","714:2708","Bills / Home","true","[]"
"1246:8186","Splitfinder / Create listing / work_location","I1246:8234;1207:6432","Tab / Splitfinder","Splitfinder","true","NAVIGATE","1209:6796","Splitfinder / Browse Spaces","true","[]"
"1246:8186","Splitfinder / Create listing / work_location","1246:8263","Continue step","Continue","true","NAVIGATE","1246:8517","Splitfinder / Create listing / work_details","true","[]"
"1246:8186","Splitfinder / Create listing / work_location","1246:8265","Save and exit","Save and exit","true","NAVIGATE","1246:10438","Splitfinder / Create listing / draft_saved","true","[]"
"1246:8267","Splitfinder / Create listing / living_search","1246:8268","Back","","true","NAVIGATE","1246:7943","Splitfinder / Create listing / living_status","true","[]"
"1246:8267","Splitfinder / Create listing / living_search","1555:19603","Global / Open Inbox","","true","NAVIGATE","1209:7339","Inbox / Inbox Splitfinder","true","[]"
"1246:8267","Splitfinder / Create listing / living_search","1555:19600","Global / You","You","true","NAVIGATE","652:2589","You / Settings","true","[]"
"1246:8267","Splitfinder / Create listing / living_search","I1246:8315;1207:6414","Tab / Circles","Circles","true","NAVIGATE","7:423","Circles / Home","true","[]"
"1246:8267","Splitfinder / Create listing / living_search","I1246:8315;1207:6422","Tab / Cards","Cards","true","NAVIGATE","547:1625","Cards / Home","true","[]"
"1246:8267","Splitfinder / Create listing / living_search","I1246:8315;1207:6427","Tab / Bills","Bills","true","NAVIGATE","714:2708","Bills / Home","true","[]"
"1246:8267","Splitfinder / Create listing / living_search","I1246:8315;1207:6432","Tab / Splitfinder","Splitfinder","true","NAVIGATE","1209:6796","Splitfinder / Browse Spaces","true","[]"
"1246:8267","Splitfinder / Create listing / living_search","1246:8344","Continue step","Continue","true","NAVIGATE","1246:8429","Splitfinder / Create listing / living_details","true","[]"
"1246:8267","Splitfinder / Create listing / living_search","1246:8346","Save and exit","Save and exit","true","NAVIGATE","1246:10438","Splitfinder / Create listing / draft_saved","true","[]"
"1246:8348","Splitfinder / Create listing / work_search","1246:8349","Back","","true","NAVIGATE","1246:8024","Splitfinder / Create listing / work_status","true","[]"
"1246:8348","Splitfinder / Create listing / work_search","1555:19611","Global / Open Inbox","","true","NAVIGATE","1209:7339","Inbox / Inbox Splitfinder","true","[]"
"1246:8348","Splitfinder / Create listing / work_search","1555:19608","Global / You","You","true","NAVIGATE","652:2589","You / Settings","true","[]"
"1246:8348","Splitfinder / Create listing / work_search","I1246:8396;1207:6414","Tab / Circles","Circles","true","NAVIGATE","7:423","Circles / Home","true","[]"
"1246:8348","Splitfinder / Create listing / work_search","I1246:8396;1207:6422","Tab / Cards","Cards","true","NAVIGATE","547:1625","Cards / Home","true","[]"
"1246:8348","Splitfinder / Create listing / work_search","I1246:8396;1207:6427","Tab / Bills","Bills","true","NAVIGATE","714:2708","Bills / Home","true","[]"
"1246:8348","Splitfinder / Create listing / work_search","I1246:8396;1207:6432","Tab / Splitfinder","Splitfinder","true","NAVIGATE","1209:6796","Splitfinder / Browse Spaces","true","[]"
"1246:8348","Splitfinder / Create listing / work_search","1246:8425","Continue step","Continue","true","NAVIGATE","1246:8517","Splitfinder / Create listing / work_details","true","[]"
"1246:8348","Splitfinder / Create listing / work_search","1246:8427","Save and exit","Save and exit","true","NAVIGATE","1246:10438","Splitfinder / Create listing / draft_saved","true","[]"
"1246:8429","Splitfinder / Create listing / living_details","1246:8430","Back","","true","NAVIGATE","1246:8105","Splitfinder / Create listing / living_location","true","[{""branchIndex"":0,""when"":""EQUALS($VariableID:1243:8774,Ready to join)""}]"
"1246:8429","Splitfinder / Create listing / living_details","1246:8430","Back","","true","NAVIGATE","1246:8267","Splitfinder / Create listing / living_search","true","[{""branchIndex"":1,""when"":""ELSE (previous branches did not match)""}]"
"1246:8429","Splitfinder / Create listing / living_details","1555:19619","Global / Open Inbox","","true","NAVIGATE","1209:7339","Inbox / Inbox Splitfinder","true","[]"
"1246:8429","Splitfinder / Create listing / living_details","1555:19616","Global / You","You","true","NAVIGATE","652:2589","You / Settings","true","[]"
"1246:8429","Splitfinder / Create listing / living_details","I1246:8484;1207:6414","Tab / Circles","Circles","true","NAVIGATE","7:423","Circles / Home","true","[]"
"1246:8429","Splitfinder / Create listing / living_details","I1246:8484;1207:6422","Tab / Cards","Cards","true","NAVIGATE","547:1625","Cards / Home","true","[]"
"1246:8429","Splitfinder / Create listing / living_details","I1246:8484;1207:6427","Tab / Bills","Bills","true","NAVIGATE","714:2708","Bills / Home","true","[]"
"1246:8429","Splitfinder / Create listing / living_details","I1246:8484;1207:6432","Tab / Splitfinder","Splitfinder","true","NAVIGATE","1209:6796","Splitfinder / Browse Spaces","true","[]"
"1246:8429","Splitfinder / Create listing / living_details","1246:8513","Continue step","Continue","true","NAVIGATE","1246:8605","Splitfinder / Create listing / space_dates","true","[]"
"1246:8429","Splitfinder / Create listing / living_details","1246:8515","Save and exit","Save and exit","true","NAVIGATE","1246:10438","Splitfinder / Create listing / draft_saved","true","[]"
"1246:8517","Splitfinder / Create listing / work_details","1246:8518","Back","","true","NAVIGATE","1246:8186","Splitfinder / Create listing / work_location","true","[{""branchIndex"":0,""when"":""EQUALS($VariableID:1243:8774,Ready to join)""}]"
"1246:8517","Splitfinder / Create listing / work_details","1246:8518","Back","","true","NAVIGATE","1246:8348","Splitfinder / Create listing / work_search","true","[{""branchIndex"":1,""when"":""ELSE (previous branches did not match)""}]"
"1246:8517","Splitfinder / Create listing / work_details","1555:19627","Global / Open Inbox","","true","NAVIGATE","1209:7339","Inbox / Inbox Splitfinder","true","[]"
"1246:8517","Splitfinder / Create listing / work_details","1555:19624","Global / You","You","true","NAVIGATE","652:2589","You / Settings","true","[]"
"1246:8517","Splitfinder / Create listing / work_details","I1246:8572;1207:6414","Tab / Circles","Circles","true","NAVIGATE","7:423","Circles / Home","true","[]"
"1246:8517","Splitfinder / Create listing / work_details","I1246:8572;1207:6422","Tab / Cards","Cards","true","NAVIGATE","547:1625","Cards / Home","true","[]"
"1246:8517","Splitfinder / Create listing / work_details","I1246:8572;1207:6427","Tab / Bills","Bills","true","NAVIGATE","714:2708","Bills / Home","true","[]"
"1246:8517","Splitfinder / Create listing / work_details","I1246:8572;1207:6432","Tab / Splitfinder","Splitfinder","true","NAVIGATE","1209:6796","Splitfinder / Browse Spaces","true","[]"
"1246:8517","Splitfinder / Create listing / work_details","1246:8601","Continue step","Continue","true","NAVIGATE","1246:8605","Splitfinder / Create listing / space_dates","true","[]"
"1246:8517","Splitfinder / Create listing / work_details","1246:8603","Save and exit","Save and exit","true","NAVIGATE","1246:10438","Splitfinder / Create listing / draft_saved","true","[]"
"1246:8605","Splitfinder / Create listing / space_dates","1246:8606","Back","","true","NAVIGATE","1246:8429","Splitfinder / Create listing / living_details","true","[{""branchIndex"":0,""when"":""EQUALS($VariableID:1243:8773,Apartment)""}]"
"1246:8605","Splitfinder / Create listing / space_dates","1246:8606","Back","","true","NAVIGATE","1246:8517","Splitfinder / Create listing / work_details","true","[{""branchIndex"":1,""when"":""ELSE (previous branches did not match)""}]"
"1246:8605","Splitfinder / Create listing / space_dates","1555:19635","Global / Open Inbox","","true","NAVIGATE","1209:7339","Inbox / Inbox Splitfinder","true","[]"
"1246:8605","Splitfinder / Create listing / space_dates","1555:19632","Global / You","You","true","NAVIGATE","652:2589","You / Settings","true","[]"
"1246:8605","Splitfinder / Create listing / space_dates","I1246:8621;1918:35076","Date / spaceDate","Available from | Jan 1, 2027","true","OVERLAY","1921:30559","Splitfinder / Timing picker / February 2027","true","[{""branchIndex"":0,""when"":""EQUALS($VariableID:1921:31073,Feb)""}]"
"1246:8605","Splitfinder / Create listing / space_dates","I1246:8621;1918:35076","Date / spaceDate","Available from | Jan 1, 2027","true","OVERLAY","1921:30366","Splitfinder / Timing picker / January 2027","true","[{""branchIndex"":1,""when"":""ELSE (previous branches did not match)""}]"
"1246:8605","Splitfinder / Create listing / space_dates","I1246:8660;1207:6414","Tab / Circles","Circles","true","NAVIGATE","7:423","Circles / Home","true","[]"
"1246:8605","Splitfinder / Create listing / space_dates","I1246:8660;1207:6422","Tab / Cards","Cards","true","NAVIGATE","547:1625","Cards / Home","true","[]"
"1246:8605","Splitfinder / Create listing / space_dates","I1246:8660;1207:6427","Tab / Bills","Bills","true","NAVIGATE","714:2708","Bills / Home","true","[]"
"1246:8605","Splitfinder / Create listing / space_dates","I1246:8660;1207:6432","Tab / Splitfinder","Splitfinder","true","NAVIGATE","1209:6796","Splitfinder / Browse Spaces","true","[]"
"1246:8605","Splitfinder / Create listing / space_dates","1246:8689","Continue step","Continue","true","NAVIGATE","1246:9457","Splitfinder / Create listing / pricing","true","[]"
"1246:8605","Splitfinder / Create listing / space_dates","1246:8691","Save and exit","Save and exit","true","NAVIGATE","1246:10438","Splitfinder / Create listing / draft_saved","true","[]"
"1246:8693","Splitfinder / Create listing / experience_kind","1246:8694","Back","","true","NAVIGATE","1209:8066","Splitfinder / Create","true","[]"
"1246:8693","Splitfinder / Create listing / experience_kind","1555:19643","Global / Open Inbox","","true","NAVIGATE","1209:7339","Inbox / Inbox Splitfinder","true","[]"
"1246:8693","Splitfinder / Create listing / experience_kind","1555:19640","Global / You","You","true","NAVIGATE","652:2589","You / Settings","true","[]"
"1246:8693","Splitfinder / Create listing / experience_kind","I1246:8741;1207:6414","Tab / Circles","Circles","true","NAVIGATE","7:423","Circles / Home","true","[]"
"1246:8693","Splitfinder / Create listing / experience_kind","I1246:8741;1207:6422","Tab / Cards","Cards","true","NAVIGATE","547:1625","Cards / Home","true","[]"
"1246:8693","Splitfinder / Create listing / experience_kind","I1246:8741;1207:6427","Tab / Bills","Bills","true","NAVIGATE","714:2708","Bills / Home","true","[]"
"1246:8693","Splitfinder / Create listing / experience_kind","I1246:8741;1207:6432","Tab / Splitfinder","Splitfinder","true","NAVIGATE","1209:6796","Splitfinder / Browse Spaces","true","[]"
"1246:8693","Splitfinder / Create listing / experience_kind","1246:8770","Continue step","Continue","true","NAVIGATE","1246:8774","Splitfinder / Create listing / experience_location","true","[]"
"1246:8693","Splitfinder / Create listing / experience_kind","1246:8772","Save and exit","Save and exit","true","NAVIGATE","1246:10438","Splitfinder / Create listing / draft_saved","true","[]"
"1246:8774","Splitfinder / Create listing / experience_location","1246:8775","Back","","true","NAVIGATE","1246:8693","Splitfinder / Create listing / experience_kind","true","[]"
"1246:8774","Splitfinder / Create listing / experience_location","1555:19651","Global / Open Inbox","","true","NAVIGATE","1209:7339","Inbox / Inbox Splitfinder","true","[]"
"1246:8774","Splitfinder / Create listing / experience_location","1555:19648","Global / You","You","true","NAVIGATE","652:2589","You / Settings","true","[]"
"1246:8774","Splitfinder / Create listing / experience_location","I1246:8822;1207:6414","Tab / Circles","Circles","true","NAVIGATE","7:423","Circles / Home","true","[]"
"1246:8774","Splitfinder / Create listing / experience_location","I1246:8822;1207:6422","Tab / Cards","Cards","true","NAVIGATE","547:1625","Cards / Home","true","[]"
"1246:8774","Splitfinder / Create listing / experience_location","I1246:8822;1207:6427","Tab / Bills","Bills","true","NAVIGATE","714:2708","Bills / Home","true","[]"
"1246:8774","Splitfinder / Create listing / experience_location","I1246:8822;1207:6432","Tab / Splitfinder","Splitfinder","true","NAVIGATE","1209:6796","Splitfinder / Browse Spaces","true","[]"
"1246:8774","Splitfinder / Create listing / experience_location","1246:8851","Continue step","Continue","true","NAVIGATE","1246:8855","Splitfinder / Create listing / experience_dates","true","[]"
"1246:8774","Splitfinder / Create listing / experience_location","1246:8853","Save and exit","Save and exit","true","NAVIGATE","1246:10438","Splitfinder / Create listing / draft_saved","true","[]"
"1246:8855","Splitfinder / Create listing / experience_dates","1246:8856","Back","","true","NAVIGATE","1246:8774","Splitfinder / Create listing / experience_location","true","[]"
"1246:8855","Splitfinder / Create listing / experience_dates","1555:19659","Global / Open Inbox","","true","NAVIGATE","1209:7339","Inbox / Inbox Splitfinder","true","[]"
"1246:8855","Splitfinder / Create listing / experience_dates","1555:19656","Global / You","You","true","NAVIGATE","652:2589","You / Settings","true","[]"
"1246:8855","Splitfinder / Create listing / experience_dates","I1246:8871;1918:35117","Date / startDate","Starts | Jan 15, 2027","true","OVERLAY","1921:30559","Splitfinder / Timing picker / February 2027","true","[{""branchIndex"":0,""when"":""EQUALS($VariableID:1921:31075,Feb)""}]"
"1246:8855","Splitfinder / Create listing / experience_dates","I1246:8871;1918:35117","Date / startDate","Starts | Jan 15, 2027","true","OVERLAY","1921:30366","Splitfinder / Timing picker / January 2027","true","[{""branchIndex"":1,""when"":""ELSE (previous branches did not match)""}]"
"1246:8855","Splitfinder / Create listing / experience_dates","I1246:8871;1918:35125","Time / start","Time | 4 | : | 00 |   | PM","true","OVERLAY","1921:30742","Splitfinder / Timing picker / Time","true","[]"
"1246:8855","Splitfinder / Create listing / experience_dates","I1246:8871;1918:35139","Date / endDate","Ends | Jan 18, 2027","true","OVERLAY","1921:30559","Splitfinder / Timing picker / February 2027","true","[{""branchIndex"":0,""when"":""EQUALS($VariableID:1921:31077,Feb)""}]"
"1246:8855","Splitfinder / Create listing / experience_dates","I1246:8871;1918:35139","Date / endDate","Ends | Jan 18, 2027","true","OVERLAY","1921:30366","Splitfinder / Timing picker / January 2027","true","[{""branchIndex"":1,""when"":""ELSE (previous branches did not match)""}]"
"1246:8855","Splitfinder / Create listing / experience_dates","I1246:8871;1918:35147","Time / end","Time | 11 | : | 00 |   | AM","true","OVERLAY","1921:30742","Splitfinder / Timing picker / Time","true","[]"
"1246:8855","Splitfinder / Create listing / experience_dates","I1246:8871;1918:35160","Time zone selector","Time zone | Denver · Mountain Time | ","true","OVERLAY","1921:30859","Splitfinder / Timing picker / Time zone","true","[]"
"1246:8855","Splitfinder / Create listing / experience_dates","I1246:8871;1918:35171","Date / deadline","Decision / booking deadline | Jan 8, 2027","true","OVERLAY","1921:30559","Splitfinder / Timing picker / February 2027","true","[{""branchIndex"":0,""when"":""EQUALS($VariableID:1921:31079,Feb)""}]"
"1246:8855","Splitfinder / Create listing / experience_dates","I1246:8871;1918:35171","Date / deadline","Decision / booking deadline | Jan 8, 2027","true","OVERLAY","1921:30366","Splitfinder / Timing picker / January 2027","true","[{""branchIndex"":1,""when"":""ELSE (previous branches did not match)""}]"
"1246:8855","Splitfinder / Create listing / experience_dates","I1246:8910;1207:6414","Tab / Circles","Circles","true","NAVIGATE","7:423","Circles / Home","true","[]"
"1246:8855","Splitfinder / Create listing / experience_dates","I1246:8910;1207:6422","Tab / Cards","Cards","true","NAVIGATE","547:1625","Cards / Home","true","[]"
"1246:8855","Splitfinder / Create listing / experience_dates","I1246:8910;1207:6427","Tab / Bills","Bills","true","NAVIGATE","714:2708","Bills / Home","true","[]"
"1246:8855","Splitfinder / Create listing / experience_dates","I1246:8910;1207:6432","Tab / Splitfinder","Splitfinder","true","NAVIGATE","1209:6796","Splitfinder / Browse Spaces","true","[]"
"1246:8855","Splitfinder / Create listing / experience_dates","1246:8939","Continue step","Continue","true","NAVIGATE","1246:8943","Splitfinder / Create listing / experience_details","true","[]"
"1246:8855","Splitfinder / Create listing / experience_dates","1246:8941","Save and exit","Save and exit","true","NAVIGATE","1246:10438","Splitfinder / Create listing / draft_saved","true","[]"
"1246:8943","Splitfinder / Create listing / experience_details","1246:8944","Back","","true","NAVIGATE","1246:8855","Splitfinder / Create listing / experience_dates","true","[]"
"1246:8943","Splitfinder / Create listing / experience_details","1555:19667","Global / Open Inbox","","true","NAVIGATE","1209:7339","Inbox / Inbox Splitfinder","true","[]"
"1246:8943","Splitfinder / Create listing / experience_details","1555:19664","Global / You","You","true","NAVIGATE","652:2589","You / Settings","true","[]"
"1246:8943","Splitfinder / Create listing / experience_details","I1246:8998;1207:6414","Tab / Circles","Circles","true","NAVIGATE","7:423","Circles / Home","true","[]"
"1246:8943","Splitfinder / Create listing / experience_details","I1246:8998;1207:6422","Tab / Cards","Cards","true","NAVIGATE","547:1625","Cards / Home","true","[]"
"1246:8943","Splitfinder / Create listing / experience_details","I1246:8998;1207:6427","Tab / Bills","Bills","true","NAVIGATE","714:2708","Bills / Home","true","[]"
"1246:8943","Splitfinder / Create listing / experience_details","I1246:8998;1207:6432","Tab / Splitfinder","Splitfinder","true","NAVIGATE","1209:6796","Splitfinder / Browse Spaces","true","[]"
"1246:8943","Splitfinder / Create listing / experience_details","1246:9027","Continue step","Continue","true","NAVIGATE","1246:9457","Splitfinder / Create listing / pricing","true","[]"
"1246:8943","Splitfinder / Create listing / experience_details","1246:9029","Save and exit","Save and exit","true","NAVIGATE","1246:10438","Splitfinder / Create listing / draft_saved","true","[]"
"1246:9031","Splitfinder / Create listing / membership_source","1246:9032","Back","","true","NAVIGATE","1209:8066","Splitfinder / Create","true","[]"
"1246:9031","Splitfinder / Create listing / membership_source","1555:19675","Global / Open Inbox","","true","NAVIGATE","1209:7339","Inbox / Inbox Splitfinder","true","[]"
"1246:9031","Splitfinder / Create listing / membership_source","1555:19672","Global / You","You","true","NAVIGATE","652:2589","You / Settings","true","[]"
"1246:9031","Splitfinder / Create listing / membership_source","I1246:9047;1245:9076","Choice / Choose an imported bill","Choose an imported bill | Go to Bills and select the membership charge.","true","NAVIGATE","1246:10496","Bills / bills_picker","true","[]"
"1246:9031","Splitfinder / Create listing / membership_source","I1246:9047;1245:9084","Choice / Enter membership details","Enter membership details | An existing or planned membership not imported yet.","true","NAVIGATE","1246:9112","Splitfinder / Create listing / membership_details","true","[]"
"1246:9031","Splitfinder / Create listing / membership_source","I1246:9081;1207:6414","Tab / Circles","Circles","true","NAVIGATE","7:423","Circles / Home","true","[]"
"1246:9031","Splitfinder / Create listing / membership_source","I1246:9081;1207:6422","Tab / Cards","Cards","true","NAVIGATE","547:1625","Cards / Home","true","[]"
"1246:9031","Splitfinder / Create listing / membership_source","I1246:9081;1207:6427","Tab / Bills","Bills","true","NAVIGATE","714:2708","Bills / Home","true","[]"
"1246:9031","Splitfinder / Create listing / membership_source","I1246:9081;1207:6432","Tab / Splitfinder","Splitfinder","true","NAVIGATE","1209:6796","Splitfinder / Browse Spaces","true","[]"
"1246:9031","Splitfinder / Create listing / membership_source","1246:9110","Save and exit","Save and exit","true","NAVIGATE","1246:10438","Splitfinder / Create listing / draft_saved","true","[]"
"1246:9112","Splitfinder / Create listing / membership_details","1246:9113","Back","","true","NAVIGATE","1246:9031","Splitfinder / Create listing / membership_source","true","[]"
"1246:9112","Splitfinder / Create listing / membership_details","1555:19683","Global / Open Inbox","","true","NAVIGATE","1209:7339","Inbox / Inbox Splitfinder","true","[]"
"1246:9112","Splitfinder / Create listing / membership_details","1555:19680","Global / You","You","true","NAVIGATE","652:2589","You / Settings","true","[]"
"1246:9112","Splitfinder / Create listing / membership_details","I1246:9167;1207:6414","Tab / Circles","Circles","true","NAVIGATE","7:423","Circles / Home","true","[]"
"1246:9112","Splitfinder / Create listing / membership_details","I1246:9167;1207:6422","Tab / Cards","Cards","true","NAVIGATE","547:1625","Cards / Home","true","[]"
"1246:9112","Splitfinder / Create listing / membership_details","I1246:9167;1207:6427","Tab / Bills","Bills","true","NAVIGATE","714:2708","Bills / Home","true","[]"
"1246:9112","Splitfinder / Create listing / membership_details","I1246:9167;1207:6432","Tab / Splitfinder","Splitfinder","true","NAVIGATE","1209:6796","Splitfinder / Browse Spaces","true","[]"
"1246:9112","Splitfinder / Create listing / membership_details","1246:9196","Continue step","Continue","true","NAVIGATE","1246:9281","Splitfinder / Create listing / membership_access","true","[]"
"1246:9112","Splitfinder / Create listing / membership_details","1246:9198","Save and exit","Save and exit","true","NAVIGATE","1246:10438","Splitfinder / Create listing / draft_saved","true","[]"
"1246:9200","Splitfinder / Create listing / membership_confirm","1246:9201","Back","","true","NAVIGATE","1246:10496","Bills / bills_picker","true","[]"
"1246:9200","Splitfinder / Create listing / membership_confirm","1555:19691","Global / Open Inbox","","true","NAVIGATE","1209:7339","Inbox / Inbox Splitfinder","true","[]"
"1246:9200","Splitfinder / Create listing / membership_confirm","1555:19688","Global / You","You","true","NAVIGATE","652:2589","You / Settings","true","[]"
"1246:9200","Splitfinder / Create listing / membership_confirm","I1246:9248;1207:6414","Tab / Circles","Circles","true","NAVIGATE","7:423","Circles / Home","true","[]"
"1246:9200","Splitfinder / Create listing / membership_confirm","I1246:9248;1207:6422","Tab / Cards","Cards","true","NAVIGATE","547:1625","Cards / Home","true","[]"
"1246:9200","Splitfinder / Create listing / membership_confirm","I1246:9248;1207:6427","Tab / Bills","Bills","true","NAVIGATE","714:2708","Bills / Home","true","[]"
"1246:9200","Splitfinder / Create listing / membership_confirm","I1246:9248;1207:6432","Tab / Splitfinder","Splitfinder","true","NAVIGATE","1209:6796","Splitfinder / Browse Spaces","true","[]"
"1246:9200","Splitfinder / Create listing / membership_confirm","1246:9277","Continue step","Continue","true","NAVIGATE","1246:9281","Splitfinder / Create listing / membership_access","true","[]"
"1246:9200","Splitfinder / Create listing / membership_confirm","1246:9279","Save and exit","Save and exit","true","NAVIGATE","1246:10438","Splitfinder / Create listing / draft_saved","true","[]"
"1246:9281","Splitfinder / Create listing / membership_access","1246:9282","Back","","true","NAVIGATE","1246:9200","Splitfinder / Create listing / membership_confirm","true","[{""branchIndex"":0,""when"":""EQUALS($VariableID:1243:8785,Imported bill)""}]"
"1246:9281","Splitfinder / Create listing / membership_access","1246:9282","Back","","true","NAVIGATE","1246:9112","Splitfinder / Create listing / membership_details","true","[{""branchIndex"":1,""when"":""ELSE (previous branches did not match)""}]"
"1246:9281","Splitfinder / Create listing / membership_access","1555:19699","Global / Open Inbox","","true","NAVIGATE","1209:7339","Inbox / Inbox Splitfinder","true","[]"
"1246:9281","Splitfinder / Create listing / membership_access","1555:19696","Global / You","You","true","NAVIGATE","652:2589","You / Settings","true","[]"
"1246:9281","Splitfinder / Create listing / membership_access","I1246:9336;1207:6414","Tab / Circles","Circles","true","NAVIGATE","7:423","Circles / Home","true","[]"
"1246:9281","Splitfinder / Create listing / membership_access","I1246:9336;1207:6422","Tab / Cards","Cards","true","NAVIGATE","547:1625","Cards / Home","true","[]"
"1246:9281","Splitfinder / Create listing / membership_access","I1246:9336;1207:6427","Tab / Bills","Bills","true","NAVIGATE","714:2708","Bills / Home","true","[]"
"1246:9281","Splitfinder / Create listing / membership_access","I1246:9336;1207:6432","Tab / Splitfinder","Splitfinder","true","NAVIGATE","1209:6796","Splitfinder / Browse Spaces","true","[]"
"1246:9281","Splitfinder / Create listing / membership_access","1246:9365","Continue step","Continue","true","NAVIGATE","1246:9369","Splitfinder / Create listing / membership_rules","true","[]"
"1246:9281","Splitfinder / Create listing / membership_access","1246:9367","Save and exit","Save and exit","true","NAVIGATE","1246:10438","Splitfinder / Create listing / draft_saved","true","[]"
"1246:9369","Splitfinder / Create listing / membership_rules","1246:9370","Back","","true","NAVIGATE","1246:9281","Splitfinder / Create listing / membership_access","true","[]"
"1246:9369","Splitfinder / Create listing / membership_rules","1555:19707","Global / Open Inbox","","true","NAVIGATE","1209:7339","Inbox / Inbox Splitfinder","true","[]"
"1246:9369","Splitfinder / Create listing / membership_rules","1555:19704","Global / You","You","true","NAVIGATE","652:2589","You / Settings","true","[]"
"1246:9369","Splitfinder / Create listing / membership_rules","I1246:9385;1245:9168","Date / Renewal or next billing","Renewal / next billing date | Jan 1, 2027","true","OVERLAY","1921:30559","Splitfinder / Timing picker / February 2027","true","[{""branchIndex"":0,""when"":""EQUALS($VariableID:1921:31082,Feb)""}]"
"1246:9369","Splitfinder / Create listing / membership_rules","I1246:9385;1245:9168","Date / Renewal or next billing","Renewal / next billing date | Jan 1, 2027","true","OVERLAY","1921:30366","Splitfinder / Timing picker / January 2027","true","[{""branchIndex"":1,""when"":""ELSE (previous branches did not match)""}]"
"1246:9369","Splitfinder / Create listing / membership_rules","I1246:9424;1207:6414","Tab / Circles","Circles","true","NAVIGATE","7:423","Circles / Home","true","[]"
"1246:9369","Splitfinder / Create listing / membership_rules","I1246:9424;1207:6422","Tab / Cards","Cards","true","NAVIGATE","547:1625","Cards / Home","true","[]"
"1246:9369","Splitfinder / Create listing / membership_rules","I1246:9424;1207:6427","Tab / Bills","Bills","true","NAVIGATE","714:2708","Bills / Home","true","[]"
"1246:9369","Splitfinder / Create listing / membership_rules","I1246:9424;1207:6432","Tab / Splitfinder","Splitfinder","true","NAVIGATE","1209:6796","Splitfinder / Browse Spaces","true","[]"
"1246:9369","Splitfinder / Create listing / membership_rules","1246:9453","Continue step","Continue","true","NAVIGATE","1246:9457","Splitfinder / Create listing / pricing","true","[]"
"1246:9369","Splitfinder / Create listing / membership_rules","1246:9455","Save and exit","Save and exit","true","NAVIGATE","1246:10438","Splitfinder / Create listing / draft_saved","true","[]"
"1246:9457","Splitfinder / Create listing / pricing","1246:9458","Back","","true","NAVIGATE","1246:8605","Splitfinder / Create listing / space_dates","true","[{""branchIndex"":0,""when"":""EQUALS($VariableID:1243:8772,Spaces)""}]"
"1246:9457","Splitfinder / Create listing / pricing","1246:9458","Back","","true","NAVIGATE","1246:8943","Splitfinder / Create listing / experience_details","true","[{""branchIndex"":0,""when"":""EQUALS($VariableID:1243:8772,Experiences)""}]"
"1246:9457","Splitfinder / Create listing / pricing","1246:9458","Back","","true","NAVIGATE","1246:9369","Splitfinder / Create listing / membership_rules","true","[{""branchIndex"":0,""when"":""EQUALS($VariableID:1243:8772,Memberships)""}]"
"1246:9457","Splitfinder / Create listing / pricing","1555:19715","Global / Open Inbox","","true","NAVIGATE","1209:7339","Inbox / Inbox Splitfinder","true","[]"
"1246:9457","Splitfinder / Create listing / pricing","1555:19712","Global / You","You","true","NAVIGATE","652:2589","You / Settings","true","[]"
"1246:9457","Splitfinder / Create listing / pricing","I1246:9519;1207:6414","Tab / Circles","Circles","true","NAVIGATE","7:423","Circles / Home","true","[]"
"1246:9457","Splitfinder / Create listing / pricing","I1246:9519;1207:6422","Tab / Cards","Cards","true","NAVIGATE","547:1625","Cards / Home","true","[]"
"1246:9457","Splitfinder / Create listing / pricing","I1246:9519;1207:6427","Tab / Bills","Bills","true","NAVIGATE","714:2708","Bills / Home","true","[]"
"1246:9457","Splitfinder / Create listing / pricing","I1246:9519;1207:6432","Tab / Splitfinder","Splitfinder","true","NAVIGATE","1209:6796","Splitfinder / Browse Spaces","true","[]"
"1246:9457","Splitfinder / Create listing / pricing","1246:9548","Continue step","Continue","true","NAVIGATE","1246:9552","Splitfinder / Create listing / group","true","[]"
"1246:9457","Splitfinder / Create listing / pricing","1246:9550","Save and exit","Save and exit","true","NAVIGATE","1246:10438","Splitfinder / Create listing / draft_saved","true","[]"
"1246:9552","Splitfinder / Create listing / group","1246:9553","Back","","true","NAVIGATE","1246:9457","Splitfinder / Create listing / pricing","true","[]"
"1246:9552","Splitfinder / Create listing / group","1555:19723","Global / Open Inbox","","true","NAVIGATE","1209:7339","Inbox / Inbox Splitfinder","true","[]"
"1246:9552","Splitfinder / Create listing / group","1555:19720","Global / You","You","true","NAVIGATE","652:2589","You / Settings","true","[]"
"1246:9552","Splitfinder / Create listing / group","I1246:9600;1207:6414","Tab / Circles","Circles","true","NAVIGATE","7:423","Circles / Home","true","[]"
"1246:9552","Splitfinder / Create listing / group","I1246:9600;1207:6422","Tab / Cards","Cards","true","NAVIGATE","547:1625","Cards / Home","true","[]"
"1246:9552","Splitfinder / Create listing / group","I1246:9600;1207:6427","Tab / Bills","Bills","true","NAVIGATE","714:2708","Bills / Home","true","[]"
"1246:9552","Splitfinder / Create listing / group","I1246:9600;1207:6432","Tab / Splitfinder","Splitfinder","true","NAVIGATE","1209:6796","Splitfinder / Browse Spaces","true","[]"
"1246:9552","Splitfinder / Create listing / group","1246:9629","Continue step","Continue","true","NAVIGATE","1246:9633","Splitfinder / Create listing / split","true","[]"
"1246:9552","Splitfinder / Create listing / group","1246:9631","Save and exit","Save and exit","true","NAVIGATE","1246:10438","Splitfinder / Create listing / draft_saved","true","[]"
"1246:9633","Splitfinder / Create listing / split","1246:9634","Back","","true","NAVIGATE","1246:9552","Splitfinder / Create listing / group","true","[]"
"1246:9633","Splitfinder / Create listing / split","1555:19731","Global / Open Inbox","","true","NAVIGATE","1209:7339","Inbox / Inbox Splitfinder","true","[]"
"1246:9633","Splitfinder / Create listing / split","1555:19728","Global / You","You","true","NAVIGATE","652:2589","You / Settings","true","[]"
"1246:9633","Splitfinder / Create listing / split","I1246:9688;1207:6414","Tab / Circles","Circles","true","NAVIGATE","7:423","Circles / Home","true","[]"
"1246:9633","Splitfinder / Create listing / split","I1246:9688;1207:6422","Tab / Cards","Cards","true","NAVIGATE","547:1625","Cards / Home","true","[]"
"1246:9633","Splitfinder / Create listing / split","I1246:9688;1207:6427","Tab / Bills","Bills","true","NAVIGATE","714:2708","Bills / Home","true","[]"
"1246:9633","Splitfinder / Create listing / split","I1246:9688;1207:6432","Tab / Splitfinder","Splitfinder","true","NAVIGATE","1209:6796","Splitfinder / Browse Spaces","true","[]"
"1246:9633","Splitfinder / Create listing / split","1246:9717","Continue step","Continue","true","NAVIGATE","1246:9721","Splitfinder / Create listing / photos","true","[]"
"1246:9633","Splitfinder / Create listing / split","1246:9719","Save and exit","Save and exit","true","NAVIGATE","1246:10438","Splitfinder / Create listing / draft_saved","true","[]"
"1246:9721","Splitfinder / Create listing / photos","1246:9722","Back","","true","NAVIGATE","1246:9633","Splitfinder / Create listing / split","true","[]"
"1246:9721","Splitfinder / Create listing / photos","1555:19739","Global / Open Inbox","","true","NAVIGATE","1209:7339","Inbox / Inbox Splitfinder","true","[]"
"1246:9721","Splitfinder / Create listing / photos","1555:19736","Global / You","You","true","NAVIGATE","652:2589","You / Settings","true","[]"
"1246:9721","Splitfinder / Create listing / photos","I1246:9737;1921:31098","Choose a photo control","Choose a photo","true","NAVIGATE","1246:10592","Splitfinder / Create listing / photo_picker","true","[]"
"1246:9721","Splitfinder / Create listing / photos","I1246:9737;1245:9264","Action / Choose photo","Choose a photo","true","NAVIGATE","1246:10592","Splitfinder / Create listing / photo_picker","true","[]"
"1246:9721","Splitfinder / Create listing / photos","I1246:9756;1207:6414","Tab / Circles","Circles","true","NAVIGATE","7:423","Circles / Home","true","[]"
"1246:9721","Splitfinder / Create listing / photos","I1246:9756;1207:6422","Tab / Cards","Cards","true","NAVIGATE","547:1625","Cards / Home","true","[]"
"1246:9721","Splitfinder / Create listing / photos","I1246:9756;1207:6427","Tab / Bills","Bills","true","NAVIGATE","714:2708","Bills / Home","true","[]"
"1246:9721","Splitfinder / Create listing / photos","I1246:9756;1207:6432","Tab / Splitfinder","Splitfinder","true","NAVIGATE","1209:6796","Splitfinder / Browse Spaces","true","[]"
"1246:9721","Splitfinder / Create listing / photos","1246:9785","Continue step","Continue","true","NAVIGATE","1246:9859","Splitfinder / Create listing / audience","true","[{""branchIndex"":0,""when"":""$VariableID:1243:8794""}]"
"1246:9721","Splitfinder / Create listing / photos","1246:9785","Continue step","Continue","true","NAVIGATE","1246:9789","Splitfinder / Create listing / photos_error","true","[{""branchIndex"":1,""when"":""ELSE (previous branches did not match)""}]"
"1246:9721","Splitfinder / Create listing / photos","1246:9787","Save and exit","Save and exit","true","NAVIGATE","1246:10438","Splitfinder / Create listing / draft_saved","true","[]"
"1246:9789","Splitfinder / Create listing / photos_error","1246:9790","Back","","true","NAVIGATE","1246:9633","Splitfinder / Create listing / split","true","[]"
"1246:9789","Splitfinder / Create listing / photos_error","1555:19747","Global / Open Inbox","","true","NAVIGATE","1209:7339","Inbox / Inbox Splitfinder","true","[]"
"1246:9789","Splitfinder / Create listing / photos_error","1555:19744","Global / You","You","true","NAVIGATE","652:2589","You / Settings","true","[]"
"1246:9789","Splitfinder / Create listing / photos_error","I1246:9805;1921:31105","Choose a photo control","Choose a photo","true","NAVIGATE","1246:10592","Splitfinder / Create listing / photo_picker","true","[]"
"1246:9789","Splitfinder / Create listing / photos_error","I1246:9805;1245:9281","Action / Choose photo","Choose a photo","true","NAVIGATE","1246:10592","Splitfinder / Create listing / photo_picker","true","[]"
"1246:9789","Splitfinder / Create listing / photos_error","I1246:9826;1207:6414","Tab / Circles","Circles","true","NAVIGATE","7:423","Circles / Home","true","[]"
"1246:9789","Splitfinder / Create listing / photos_error","I1246:9826;1207:6422","Tab / Cards","Cards","true","NAVIGATE","547:1625","Cards / Home","true","[]"
"1246:9789","Splitfinder / Create listing / photos_error","I1246:9826;1207:6427","Tab / Bills","Bills","true","NAVIGATE","714:2708","Bills / Home","true","[]"
"1246:9789","Splitfinder / Create listing / photos_error","I1246:9826;1207:6432","Tab / Splitfinder","Splitfinder","true","NAVIGATE","1209:6796","Splitfinder / Browse Spaces","true","[]"
"1246:9789","Splitfinder / Create listing / photos_error","1246:9855","Continue step","Continue","true","NAVIGATE","1246:9859","Splitfinder / Create listing / audience","true","[{""branchIndex"":0,""when"":""$VariableID:1243:8794""}]"
"1246:9789","Splitfinder / Create listing / photos_error","1246:9855","Continue step","Continue","true","NAVIGATE","1246:9789","Splitfinder / Create listing / photos_error","true","[{""branchIndex"":1,""when"":""ELSE (previous branches did not match)""}]"
"1246:9789","Splitfinder / Create listing / photos_error","1246:9857","Save and exit","Save and exit","true","NAVIGATE","1246:10438","Splitfinder / Create listing / draft_saved","true","[]"
"1246:9859","Splitfinder / Create listing / audience","1246:9860","Back","","true","NAVIGATE","1246:9721","Splitfinder / Create listing / photos","true","[]"
"1246:9859","Splitfinder / Create listing / audience","1555:19755","Global / Open Inbox","","true","NAVIGATE","1209:7339","Inbox / Inbox Splitfinder","true","[]"
"1246:9859","Splitfinder / Create listing / audience","1555:19752","Global / You","You","true","NAVIGATE","652:2589","You / Settings","true","[]"
"1246:9859","Splitfinder / Create listing / audience","I1246:9875;1245:9292","Choice / Friends","Friends | People in your contacts who use Potluck.","true","NAVIGATE","1246:9955","Splitfinder / Create listing / review","true","[]"
"1246:9859","Splitfinder / Create listing / audience","I1246:9875;1245:9300","Choice / Friends of friends","Friends of friends | Your contacts and their Potluck connections.","true","NAVIGATE","1246:9955","Splitfinder / Create listing / review","true","[]"
"1246:9859","Splitfinder / Create listing / audience","I1246:9875;1245:9308","Choice / Public","Public | All eligible verified Potluck users.","true","NAVIGATE","1246:9955","Splitfinder / Create listing / review","true","[]"
"1246:9859","Splitfinder / Create listing / audience","I1246:9924;1207:6414","Tab / Circles","Circles","true","NAVIGATE","7:423","Circles / Home","true","[]"
"1246:9859","Splitfinder / Create listing / audience","I1246:9924;1207:6422","Tab / Cards","Cards","true","NAVIGATE","547:1625","Cards / Home","true","[]"
"1246:9859","Splitfinder / Create listing / audience","I1246:9924;1207:6427","Tab / Bills","Bills","true","NAVIGATE","714:2708","Bills / Home","true","[]"
"1246:9859","Splitfinder / Create listing / audience","I1246:9924;1207:6432","Tab / Splitfinder","Splitfinder","true","NAVIGATE","1209:6796","Splitfinder / Browse Spaces","true","[]"
"1246:9859","Splitfinder / Create listing / audience","1246:9953","Save and exit","Save and exit","true","NAVIGATE","1246:10438","Splitfinder / Create listing / draft_saved","true","[]"
"1246:9955","Splitfinder / Create listing / review","1246:9956","Back","","true","NAVIGATE","1246:9859","Splitfinder / Create listing / audience","true","[]"
"1246:9955","Splitfinder / Create listing / review","1555:19763","Global / Open Inbox","","true","NAVIGATE","1209:7339","Inbox / Inbox Splitfinder","true","[]"
"1246:9955","Splitfinder / Create listing / review","1555:19760","Global / You","You","true","NAVIGATE","652:2589","You / Settings","true","[]"
"1246:9955","Splitfinder / Create listing / review","I1246:9971;1245:9352","Action / Edit details","Edit","true","NAVIGATE","1246:7862","Splitfinder / Create listing / space_kind","true","[{""branchIndex"":0,""when"":""EQUALS($VariableID:1243:8772,Spaces)""}]"
"1246:9955","Splitfinder / Create listing / review","I1246:9971;1245:9352","Action / Edit details","Edit","true","NAVIGATE","1246:8693","Splitfinder / Create listing / experience_kind","true","[{""branchIndex"":0,""when"":""EQUALS($VariableID:1243:8772,Experiences)""}]"
"1246:9955","Splitfinder / Create listing / review","I1246:9971;1245:9352","Action / Edit details","Edit","true","NAVIGATE","1246:9031","Splitfinder / Create listing / membership_source","true","[{""branchIndex"":0,""when"":""EQUALS($VariableID:1243:8772,Memberships)""}]"
"1246:9955","Splitfinder / Create listing / review","I1246:9971;1245:9354","Action / Edit costs and group","Edit costs and group ›","true","NAVIGATE","1246:9457","Splitfinder / Create listing / pricing","true","[]"
"1246:9955","Splitfinder / Create listing / review","I1246:9971;1245:9356","Action / Edit photos","Edit photos ›","true","NAVIGATE","1246:9721","Splitfinder / Create listing / photos","true","[]"
"1246:9955","Splitfinder / Create listing / review","I1246:9971;1245:9358","Action / Edit audience","Edit audience ›","true","NAVIGATE","1246:9859","Splitfinder / Create listing / audience","true","[]"
"1246:9955","Splitfinder / Create listing / review","I1246:10044;1207:6414","Tab / Circles","Circles","true","NAVIGATE","7:423","Circles / Home","true","[]"
"1246:9955","Splitfinder / Create listing / review","I1246:10044;1207:6422","Tab / Cards","Cards","true","NAVIGATE","547:1625","Cards / Home","true","[]"
"1246:9955","Splitfinder / Create listing / review","I1246:10044;1207:6427","Tab / Bills","Bills","true","NAVIGATE","714:2708","Bills / Home","true","[]"
"1246:9955","Splitfinder / Create listing / review","I1246:10044;1207:6432","Tab / Splitfinder","Splitfinder","true","NAVIGATE","1209:6796","Splitfinder / Browse Spaces","true","[]"
"1246:9955","Splitfinder / Create listing / review","1246:10073","Continue step","Continue","true","NAVIGATE","1246:10077","Splitfinder / Create listing / publish_checks","true","[]"
"1246:9955","Splitfinder / Create listing / review","1246:10075","Save and exit","Save and exit","true","NAVIGATE","1246:10438","Splitfinder / Create listing / draft_saved","true","[]"
"1246:10077","Splitfinder / Create listing / publish_checks","1246:10078","Back","","true","NAVIGATE","1246:9955","Splitfinder / Create listing / review","true","[]"
"1246:10077","Splitfinder / Create listing / publish_checks","1555:19771","Global / Open Inbox","","true","NAVIGATE","1209:7339","Inbox / Inbox Splitfinder","true","[]"
"1246:10077","Splitfinder / Create listing / publish_checks","1555:19768","Global / You","You","true","NAVIGATE","652:2589","You / Settings","true","[]"
"1246:10077","Splitfinder / Create listing / publish_checks","I1246:10131;1207:6414","Tab / Circles","Circles","true","NAVIGATE","7:423","Circles / Home","true","[]"
"1246:10077","Splitfinder / Create listing / publish_checks","I1246:10131;1207:6422","Tab / Cards","Cards","true","NAVIGATE","547:1625","Cards / Home","true","[]"
"1246:10077","Splitfinder / Create listing / publish_checks","I1246:10131;1207:6427","Tab / Bills","Bills","true","NAVIGATE","714:2708","Bills / Home","true","[]"
"1246:10077","Splitfinder / Create listing / publish_checks","I1246:10131;1207:6432","Tab / Splitfinder","Splitfinder","true","NAVIGATE","1209:6796","Splitfinder / Browse Spaces","true","[]"
"1246:10077","Splitfinder / Create listing / publish_checks","1246:10160","Continue step","Publish listing","true","NAVIGATE","1246:10251","Splitfinder / Create listing / published_new","true","[{""branchIndex"":0,""when"":""AND($VariableID:1243:8795,$VariableID:1243:8796)""}]"
"1246:10077","Splitfinder / Create listing / publish_checks","1246:10160","Continue step","Publish listing","true","NAVIGATE","1246:10164","Splitfinder / Create listing / publish_error","true","[{""branchIndex"":1,""when"":""ELSE (previous branches did not match)""}]"
"1246:10077","Splitfinder / Create listing / publish_checks","1246:10162","Save and exit","Save and exit","true","NAVIGATE","1246:10438","Splitfinder / Create listing / draft_saved","true","[]"
"1246:10164","Splitfinder / Create listing / publish_error","1246:10165","Back","","true","NAVIGATE","1246:9955","Splitfinder / Create listing / review","true","[]"
"1246:10164","Splitfinder / Create listing / publish_error","1555:19779","Global / Open Inbox","","true","NAVIGATE","1209:7339","Inbox / Inbox Splitfinder","true","[]"
"1246:10164","Splitfinder / Create listing / publish_error","1555:19776","Global / You","You","true","NAVIGATE","652:2589","You / Settings","true","[]"
"1246:10164","Splitfinder / Create listing / publish_error","I1246:10218;1207:6414","Tab / Circles","Circles","true","NAVIGATE","7:423","Circles / Home","true","[]"
"1246:10164","Splitfinder / Create listing / publish_error","I1246:10218;1207:6422","Tab / Cards","Cards","true","NAVIGATE","547:1625","Cards / Home","true","[]"
"1246:10164","Splitfinder / Create listing / publish_error","I1246:10218;1207:6427","Tab / Bills","Bills","true","NAVIGATE","714:2708","Bills / Home","true","[]"
"1246:10164","Splitfinder / Create listing / publish_error","I1246:10218;1207:6432","Tab / Splitfinder","Splitfinder","true","NAVIGATE","1209:6796","Splitfinder / Browse Spaces","true","[]"
"1246:10164","Splitfinder / Create listing / publish_error","1246:10247","Continue step","Publish listing","true","NAVIGATE","1246:10251","Splitfinder / Create listing / published_new","true","[{""branchIndex"":0,""when"":""AND($VariableID:1243:8795,$VariableID:1243:8796)""}]"
"1246:10164","Splitfinder / Create listing / publish_error","1246:10247","Continue step","Publish listing","true","NAVIGATE","1246:10164","Splitfinder / Create listing / publish_error","true","[{""branchIndex"":1,""when"":""ELSE (previous branches did not match)""}]"
"1246:10164","Splitfinder / Create listing / publish_error","1246:10249","Save and exit","Save and exit","true","NAVIGATE","1246:10438","Splitfinder / Create listing / draft_saved","true","[]"
"1246:10251","Splitfinder / Create listing / published_new","1246:10252","Back","","true","NAVIGATE","1246:10323","Splitfinder / Create listing / manage","true","[]"
"1246:10251","Splitfinder / Create listing / published_new","1555:19787","Global / Open Inbox","","true","NAVIGATE","1209:7339","Inbox / Inbox Splitfinder","true","[]"
"1246:10251","Splitfinder / Create listing / published_new","1555:19784","Global / You","You","true","NAVIGATE","652:2589","You / Settings","true","[]"
"1246:10251","Splitfinder / Create listing / published_new","I1246:10292;1207:6414","Tab / Circles","Circles","true","NAVIGATE","7:423","Circles / Home","true","[]"
"1246:10251","Splitfinder / Create listing / published_new","I1246:10292;1207:6422","Tab / Cards","Cards","true","NAVIGATE","547:1625","Cards / Home","true","[]"
"1246:10251","Splitfinder / Create listing / published_new","I1246:10292;1207:6427","Tab / Bills","Bills","true","NAVIGATE","714:2708","Bills / Home","true","[]"
"1246:10251","Splitfinder / Create listing / published_new","I1246:10292;1207:6432","Tab / Splitfinder","Splitfinder","true","NAVIGATE","1209:6796","Splitfinder / Browse Spaces","true","[]"
"1246:10251","Splitfinder / Create listing / published_new","1246:10321","Continue step","Manage listing","true","NAVIGATE","1246:10323","Splitfinder / Create listing / manage","true","[]"
"1246:10323","Splitfinder / Create listing / manage","1246:10324","Back","","true","NAVIGATE","1209:6796","Splitfinder / Browse Spaces","true","[]"
"1246:10323","Splitfinder / Create listing / manage","1555:19795","Global / Open Inbox","","true","NAVIGATE","1209:7339","Inbox / Inbox Splitfinder","true","[]"
"1246:10323","Splitfinder / Create listing / manage","1555:19792","Global / You","You","true","NAVIGATE","652:2589","You / Settings","true","[]"
"1246:10323","Splitfinder / Create listing / manage","I1246:10339;1245:9441","Choice / View inquiries","View inquiries | Open your Splitfinder conversations.","true","NAVIGATE","1209:7339","Inbox / Inbox Splitfinder","true","[]"
"1246:10323","Splitfinder / Create listing / manage","I1246:10339;1245:9449","Choice / Edit listing","Edit listing | Review and update your draft details.","true","NAVIGATE","1246:9955","Splitfinder / Create listing / review","true","[]"
"1246:10323","Splitfinder / Create listing / manage","I1246:10339;1245:9457","Choice / Browse Splitfinder","Browse Splitfinder | Return to discovery.","true","NAVIGATE","1209:6796","Splitfinder / Browse Spaces","true","[]"
"1246:10323","Splitfinder / Create listing / manage","I1246:10409;1207:6414","Tab / Circles","Circles","true","NAVIGATE","7:423","Circles / Home","true","[]"
"1246:10323","Splitfinder / Create listing / manage","I1246:10409;1207:6422","Tab / Cards","Cards","true","NAVIGATE","547:1625","Cards / Home","true","[]"
"1246:10323","Splitfinder / Create listing / manage","I1246:10409;1207:6427","Tab / Bills","Bills","true","NAVIGATE","714:2708","Bills / Home","true","[]"
"1246:10323","Splitfinder / Create listing / manage","I1246:10409;1207:6432","Tab / Splitfinder","Splitfinder","true","NAVIGATE","1209:6796","Splitfinder / Browse Spaces","true","[]"
"1246:10438","Splitfinder / Create listing / draft_saved","1246:10439","Back","","true","NAVIGATE","1209:8066","Splitfinder / Create","true","[]"
"1246:10438","Splitfinder / Create listing / draft_saved","1555:19803","Global / Open Inbox","","true","NAVIGATE","1209:7339","Inbox / Inbox Splitfinder","true","[]"
"1246:10438","Splitfinder / Create listing / draft_saved","1555:19800","Global / You","You","true","NAVIGATE","652:2589","You / Settings","true","[]"
"1246:10438","Splitfinder / Create listing / draft_saved","I1246:10465;1207:6414","Tab / Circles","Circles","true","NAVIGATE","7:423","Circles / Home","true","[]"
"1246:10438","Splitfinder / Create listing / draft_saved","I1246:10465;1207:6422","Tab / Cards","Cards","true","NAVIGATE","547:1625","Cards / Home","true","[]"
"1246:10438","Splitfinder / Create listing / draft_saved","I1246:10465;1207:6427","Tab / Bills","Bills","true","NAVIGATE","714:2708","Bills / Home","true","[]"
"1246:10438","Splitfinder / Create listing / draft_saved","I1246:10465;1207:6432","Tab / Splitfinder","Splitfinder","true","NAVIGATE","1209:6796","Splitfinder / Browse Spaces","true","[]"
"1246:10438","Splitfinder / Create listing / draft_saved","1246:10494","Continue step","Resume draft","true","NAVIGATE","1246:7862","Splitfinder / Create listing / space_kind","true","[{""branchIndex"":0,""when"":""EQUALS($VariableID:1245:8771,space_kind)""}]"
"1246:10438","Splitfinder / Create listing / draft_saved","1246:10494","Continue step","Resume draft","true","NAVIGATE","1246:7943","Splitfinder / Create listing / living_status","true","[{""branchIndex"":0,""when"":""EQUALS($VariableID:1245:8771,living_status)""}]"
"1246:10438","Splitfinder / Create listing / draft_saved","1246:10494","Continue step","Resume draft","true","NAVIGATE","1246:8024","Splitfinder / Create listing / work_status","true","[{""branchIndex"":0,""when"":""EQUALS($VariableID:1245:8771,work_status)""}]"
"1246:10438","Splitfinder / Create listing / draft_saved","1246:10494","Continue step","Resume draft","true","NAVIGATE","1246:8105","Splitfinder / Create listing / living_location","true","[{""branchIndex"":0,""when"":""EQUALS($VariableID:1245:8771,living_location)""}]"
"1246:10438","Splitfinder / Create listing / draft_saved","1246:10494","Continue step","Resume draft","true","NAVIGATE","1246:8186","Splitfinder / Create listing / work_location","true","[{""branchIndex"":0,""when"":""EQUALS($VariableID:1245:8771,work_location)""}]"
"1246:10438","Splitfinder / Create listing / draft_saved","1246:10494","Continue step","Resume draft","true","NAVIGATE","1246:8267","Splitfinder / Create listing / living_search","true","[{""branchIndex"":0,""when"":""EQUALS($VariableID:1245:8771,living_search)""}]"
"1246:10438","Splitfinder / Create listing / draft_saved","1246:10494","Continue step","Resume draft","true","NAVIGATE","1246:8348","Splitfinder / Create listing / work_search","true","[{""branchIndex"":0,""when"":""EQUALS($VariableID:1245:8771,work_search)""}]"
"1246:10438","Splitfinder / Create listing / draft_saved","1246:10494","Continue step","Resume draft","true","NAVIGATE","1246:8429","Splitfinder / Create listing / living_details","true","[{""branchIndex"":0,""when"":""EQUALS($VariableID:1245:8771,living_details)""}]"
"1246:10438","Splitfinder / Create listing / draft_saved","1246:10494","Continue step","Resume draft","true","NAVIGATE","1246:8517","Splitfinder / Create listing / work_details","true","[{""branchIndex"":0,""when"":""EQUALS($VariableID:1245:8771,work_details)""}]"
"1246:10438","Splitfinder / Create listing / draft_saved","1246:10494","Continue step","Resume draft","true","NAVIGATE","1246:8605","Splitfinder / Create listing / space_dates","true","[{""branchIndex"":0,""when"":""EQUALS($VariableID:1245:8771,space_dates)""}]"
"1246:10438","Splitfinder / Create listing / draft_saved","1246:10494","Continue step","Resume draft","true","NAVIGATE","1246:8693","Splitfinder / Create listing / experience_kind","true","[{""branchIndex"":0,""when"":""EQUALS($VariableID:1245:8771,experience_kind)""}]"
"1246:10438","Splitfinder / Create listing / draft_saved","1246:10494","Continue step","Resume draft","true","NAVIGATE","1246:8774","Splitfinder / Create listing / experience_location","true","[{""branchIndex"":0,""when"":""EQUALS($VariableID:1245:8771,experience_location)""}]"
"1246:10438","Splitfinder / Create listing / draft_saved","1246:10494","Continue step","Resume draft","true","NAVIGATE","1246:8855","Splitfinder / Create listing / experience_dates","true","[{""branchIndex"":0,""when"":""EQUALS($VariableID:1245:8771,experience_dates)""}]"
"1246:10438","Splitfinder / Create listing / draft_saved","1246:10494","Continue step","Resume draft","true","NAVIGATE","1246:8943","Splitfinder / Create listing / experience_details","true","[{""branchIndex"":0,""when"":""EQUALS($VariableID:1245:8771,experience_details)""}]"
"1246:10438","Splitfinder / Create listing / draft_saved","1246:10494","Continue step","Resume draft","true","NAVIGATE","1246:9031","Splitfinder / Create listing / membership_source","true","[{""branchIndex"":0,""when"":""EQUALS($VariableID:1245:8771,membership_source)""}]"
"1246:10438","Splitfinder / Create listing / draft_saved","1246:10494","Continue step","Resume draft","true","NAVIGATE","1246:9112","Splitfinder / Create listing / membership_details","true","[{""branchIndex"":0,""when"":""EQUALS($VariableID:1245:8771,membership_details)""}]"
"1246:10438","Splitfinder / Create listing / draft_saved","1246:10494","Continue step","Resume draft","true","NAVIGATE","1246:9200","Splitfinder / Create listing / membership_confirm","true","[{""branchIndex"":0,""when"":""EQUALS($VariableID:1245:8771,membership_confirm)""}]"
"1246:10438","Splitfinder / Create listing / draft_saved","1246:10494","Continue step","Resume draft","true","NAVIGATE","1246:9281","Splitfinder / Create listing / membership_access","true","[{""branchIndex"":0,""when"":""EQUALS($VariableID:1245:8771,membership_access)""}]"
"1246:10438","Splitfinder / Create listing / draft_saved","1246:10494","Continue step","Resume draft","true","NAVIGATE","1246:9369","Splitfinder / Create listing / membership_rules","true","[{""branchIndex"":0,""when"":""EQUALS($VariableID:1245:8771,membership_rules)""}]"
"1246:10438","Splitfinder / Create listing / draft_saved","1246:10494","Continue step","Resume draft","true","NAVIGATE","1246:9457","Splitfinder / Create listing / pricing","true","[{""branchIndex"":0,""when"":""EQUALS($VariableID:1245:8771,pricing)""}]"
"1246:10438","Splitfinder / Create listing / draft_saved","1246:10494","Continue step","Resume draft","true","NAVIGATE","1246:9552","Splitfinder / Create listing / group","true","[{""branchIndex"":0,""when"":""EQUALS($VariableID:1245:8771,group)""}]"
"1246:10438","Splitfinder / Create listing / draft_saved","1246:10494","Continue step","Resume draft","true","NAVIGATE","1246:9633","Splitfinder / Create listing / split","true","[{""branchIndex"":0,""when"":""EQUALS($VariableID:1245:8771,split)""}]"
"1246:10438","Splitfinder / Create listing / draft_saved","1246:10494","Continue step","Resume draft","true","NAVIGATE","1246:9721","Splitfinder / Create listing / photos","true","[{""branchIndex"":0,""when"":""EQUALS($VariableID:1245:8771,photos)""}]"
"1246:10438","Splitfinder / Create listing / draft_saved","1246:10494","Continue step","Resume draft","true","NAVIGATE","1246:9789","Splitfinder / Create listing / photos_error","true","[{""branchIndex"":0,""when"":""EQUALS($VariableID:1245:8771,photos_error)""}]"
"1246:10438","Splitfinder / Create listing / draft_saved","1246:10494","Continue step","Resume draft","true","NAVIGATE","1246:9859","Splitfinder / Create listing / audience","true","[{""branchIndex"":0,""when"":""EQUALS($VariableID:1245:8771,audience)""}]"
"1246:10438","Splitfinder / Create listing / draft_saved","1246:10494","Continue step","Resume draft","true","NAVIGATE","1246:9955","Splitfinder / Create listing / review","true","[{""branchIndex"":0,""when"":""EQUALS($VariableID:1245:8771,review)""}]"
"1246:10438","Splitfinder / Create listing / draft_saved","1246:10494","Continue step","Resume draft","true","NAVIGATE","1246:10077","Splitfinder / Create listing / publish_checks","true","[{""branchIndex"":0,""when"":""EQUALS($VariableID:1245:8771,publish_checks)""}]"
"1246:10438","Splitfinder / Create listing / draft_saved","1246:10494","Continue step","Resume draft","true","NAVIGATE","1246:10164","Splitfinder / Create listing / publish_error","true","[{""branchIndex"":0,""when"":""EQUALS($VariableID:1245:8771,publish_error)""}]"
"1246:10438","Splitfinder / Create listing / draft_saved","1246:10494","Continue step","Resume draft","true","NAVIGATE","1246:10496","Bills / bills_picker","true","[{""branchIndex"":0,""when"":""EQUALS($VariableID:1245:8771,bills_picker)""}]"
"1246:10438","Splitfinder / Create listing / draft_saved","1246:10494","Continue step","Resume draft","true","NAVIGATE","1246:10592","Splitfinder / Create listing / photo_picker","true","[{""branchIndex"":0,""when"":""EQUALS($VariableID:1245:8771,photo_picker)""}]"
"1246:10496","Bills / bills_picker","1246:10497","Back","","true","NAVIGATE","1246:9031","Splitfinder / Create listing / membership_source","true","[]"
"1246:10496","Bills / bills_picker","1555:19811","Global / Open Inbox","","true","NAVIGATE","1209:7339","Inbox / Inbox Splitfinder","true","[]"
"1246:10496","Bills / bills_picker","1555:19808","Global / You","You","true","NAVIGATE","652:2589","You / Settings","true","[]"
"1246:10496","Bills / bills_picker","I1246:10512;1245:9477","Choice / Streaming · $15.99 / month","Streaming | $15.99 / month · Imported bill","true","NAVIGATE","1246:9200","Splitfinder / Create listing / membership_confirm","true","[]"
"1246:10496","Bills / bills_picker","I1246:10512;1245:9485","Choice / Cloud storage · $2.99 / month","Cloud storage | $2.99 / month · Imported bill","true","NAVIGATE","1246:9200","Splitfinder / Create listing / membership_confirm","true","[]"
"1246:10496","Bills / bills_picker","I1246:10512;1245:9493","Choice / Import another bill","Import another bill | Find a different recurring charge.","true","NAVIGATE","1052:5012","null","false","[]"
"1246:10496","Bills / bills_picker","I1246:10561;1207:6389","Tab / Circles","Circles","true","NAVIGATE","7:423","Circles / Home","true","[]"
"1246:10496","Bills / bills_picker","I1246:10561;1207:6397","Tab / Cards","Cards","true","NAVIGATE","547:1625","Cards / Home","true","[]"
"1246:10496","Bills / bills_picker","I1246:10561;1207:6402","Tab / Bills","Bills","true","NAVIGATE","714:2708","Bills / Home","true","[]"
"1246:10496","Bills / bills_picker","I1246:10561;1207:6407","Tab / Splitfinder","Splitfinder","true","NAVIGATE","1209:6796","Splitfinder / Browse Spaces","true","[]"
"1246:10496","Bills / bills_picker","1246:10590","Save and exit","Save and exit","true","NAVIGATE","1246:10438","Splitfinder / Create listing / draft_saved","true","[]"
"1246:10592","Splitfinder / Create listing / photo_picker","1246:10593","Back","","true","NAVIGATE","1246:9721","Splitfinder / Create listing / photos","true","[]"
"1246:10592","Splitfinder / Create listing / photo_picker","1555:19819","Global / Open Inbox","","true","NAVIGATE","1209:7339","Inbox / Inbox Splitfinder","true","[]"
"1246:10592","Splitfinder / Create listing / photo_picker","1555:19816","Global / You","You","true","NAVIGATE","652:2589","You / Settings","true","[]"
"1246:10592","Splitfinder / Create listing / photo_picker","I1246:10608;1245:9505","Gallery / Spaces","Office","true","NAVIGATE","1246:9721","Splitfinder / Create listing / photos","true","[]"
"1246:10592","Splitfinder / Create listing / photo_picker","I1246:10608;1245:9508","Gallery / Living","Apartment","true","NAVIGATE","1246:9721","Splitfinder / Create listing / photos","true","[]"
"1246:10592","Splitfinder / Create listing / photo_picker","I1246:10608;1245:9511","Gallery / Experiences","Mountains","true","NAVIGATE","1246:9721","Splitfinder / Create listing / photos","true","[]"
"1246:10592","Splitfinder / Create listing / photo_picker","I1246:10608;1245:9514","Gallery / Memberships","Fitness studio","true","NAVIGATE","1246:9721","Splitfinder / Create listing / photos","true","[]"
"1246:10592","Splitfinder / Create listing / photo_picker","I1246:10624;1207:6414","Tab / Circles","Circles","true","NAVIGATE","7:423","Circles / Home","true","[]"
"1246:10592","Splitfinder / Create listing / photo_picker","I1246:10624;1207:6422","Tab / Cards","Cards","true","NAVIGATE","547:1625","Cards / Home","true","[]"
"1246:10592","Splitfinder / Create listing / photo_picker","I1246:10624;1207:6427","Tab / Bills","Bills","true","NAVIGATE","714:2708","Bills / Home","true","[]"
"1246:10592","Splitfinder / Create listing / photo_picker","I1246:10624;1207:6432","Tab / Splitfinder","Splitfinder","true","NAVIGATE","1209:6796","Splitfinder / Browse Spaces","true","[]"
"1246:10592","Splitfinder / Create listing / photo_picker","1246:10653","Save and exit","Save and exit","true","NAVIGATE","1246:10438","Splitfinder / Create listing / draft_saved","true","[]"
"1330:10437","Bill agreement / Review","1330:10438","Back","‹","true","NAVIGATE","1209:7402","Inbox / Inbox Invites","true","[]"
"1330:10437","Bill agreement / Review","I1330:10471;1327:11596","Ask host","Ask Maya a question","true","NAVIGATE","1330:10886","Bill agreement / Question","true","[]"
"1330:10437","Bill agreement / Review","1330:10507","Primary action","Continue","true","NAVIGATE","1330:10511","Bill agreement / Manual","true","[]"
"1330:10437","Bill agreement / Review","1330:10510","Decline invitation","Decline invitation","true","NAVIGATE","1330:10860","Bill agreement / Declined","true","[]"
"1330:10511","Bill agreement / Manual","1330:10512","Back","‹","true","NAVIGATE","1330:10437","Bill agreement / Review","true","[]"
"1330:10511","Bill agreement / Manual","I1330:10548;1327:11609;1327:11545","Choose Automatic","Automatic | Authorize a recurring transfer.","true","NAVIGATE","1330:10587","Bill agreement / Automatic","true","[]"
"1330:10511","Bill agreement / Manual","I1330:10548;1327:11622;1327:11531","Change account","Personal checking •• 4821 | Tap to choose an account","true","NAVIGATE","1330:10825","Bill agreement / Accounts","true","[]"
"1330:10511","Bill agreement / Manual","I1330:10548;1327:11631","Full terms","View full terms","true","NAVIGATE","1330:10731","Bill agreement / Terms manual","true","[]"
"1330:10511","Bill agreement / Manual","1330:10583","Primary action","Accept $18 weekly share","true","NAVIGATE","1330:10657","Bill agreement / Ready manual","true","[]"
"1330:10587","Bill agreement / Automatic","1330:10588","Back","‹","true","NAVIGATE","1330:10437","Bill agreement / Review","true","[]"
"1330:10587","Bill agreement / Automatic","I1330:10618;1327:11644;1327:11551","Choose Manual","Pay manually | You confirm each transfer.","true","NAVIGATE","1330:10511","Bill agreement / Manual","true","[]"
"1330:10587","Bill agreement / Automatic","I1330:10618;1327:11657;1327:11531","Change account","Personal checking •• 4821 | Tap to choose an account","true","NAVIGATE","1330:10825","Bill agreement / Accounts","true","[]"
"1330:10587","Bill agreement / Automatic","I1330:10618;1327:11666","Full terms","View full terms","true","NAVIGATE","1330:10778","Bill agreement / Terms automatic","true","[]"
"1330:10587","Bill agreement / Automatic","1330:10653","Primary action","Agree and enable automatic","true","NAVIGATE","1330:10694","Bill agreement / Ready automatic","true","[]"
"1330:10657","Bill agreement / Ready manual","1330:10658","Back","‹","true","BACK","","null","false","[]"
"1330:10657","Bill agreement / Ready manual","I1330:10668;1327:11689","Full terms","View contribution terms","true","NAVIGATE","1330:10731","Bill agreement / Terms manual","true","[]"
"1330:10657","Bill agreement / Ready manual","1330:10691","Primary action","View bill","true","NAVIGATE","714:3018","Bill Detail / Groceries","true","[]"
"1330:10694","Bill agreement / Ready automatic","1330:10695","Back","‹","true","BACK","","null","false","[]"
"1330:10694","Bill agreement / Ready automatic","I1330:10705;1327:11712","Full terms","View contribution terms","true","NAVIGATE","1330:10778","Bill agreement / Terms automatic","true","[]"
"1330:10694","Bill agreement / Ready automatic","1330:10728","Primary action","View bill","true","NAVIGATE","714:3018","Bill Detail / Groceries","true","[]"
"1330:10731","Bill agreement / Terms manual","1330:10732","Back","‹","true","BACK","","null","false","[]"
"1330:10731","Bill agreement / Terms manual","1330:10775","Primary action","Back","true","BACK","","null","false","[]"
"1330:10778","Bill agreement / Terms automatic","1330:10779","Back","‹","true","BACK","","null","false","[]"
"1330:10778","Bill agreement / Terms automatic","1330:10822","Primary action","Back","true","BACK","","null","false","[]"
"1330:10825","Bill agreement / Accounts","1330:10826","Back","‹","true","BACK","","null","false","[]"
"1330:10825","Bill agreement / Accounts","I1330:10836;1327:11781","Select Personal checking •• 4821","Personal checking •• 4821","true","BACK","","null","false","[]"
"1330:10825","Bill agreement / Accounts","I1330:10836;1327:11787","Select Household checking •• 7390","Household checking •• 7390","true","BACK","","null","false","[]"
"1330:10825","Bill agreement / Accounts","I1330:10836;1327:11793","Select Everyday savings •• 2186","Everyday savings •• 2186","true","BACK","","null","false","[]"
"1330:10825","Bill agreement / Accounts","1330:10857","Primary action","Back","true","BACK","","null","false","[]"
"1330:10860","Bill agreement / Declined","1330:10861","Back","‹","true","BACK","","null","false","[]"
"1330:10860","Bill agreement / Declined","1330:10883","Primary action","Back to invites","true","NAVIGATE","1209:7402","Inbox / Inbox Invites","true","[]"
"1330:10886","Bill agreement / Question","1330:10887","Back","‹","true","BACK","","null","false","[]"
"1330:10886","Bill agreement / Question","I1330:10891;1327:11815","Send question","Ask: What will this cover?","true","NAVIGATE","1330:10901","Bill agreement / Question sent","true","[]"
"1330:10886","Bill agreement / Question","1330:10898","Primary action","Back to invitation","true","NAVIGATE","1330:10437","Bill agreement / Review","true","[]"
"1330:10901","Bill agreement / Question sent","1330:10902","Back","‹","true","BACK","","null","false","[]"
"1330:10901","Bill agreement / Question sent","1330:10926","Primary action","Back to invitation","true","NAVIGATE","1330:10437","Bill agreement / Review","true","[]"
"1348:10898","Bill payment / Review","1348:10899","Back","‹","true","NAVIGATE","714:3018","Bill Detail / Groceries","true","[]"
"1348:10898","Bill payment / Review","I1348:10914;1347:12003","Change account","Personal checking •• 4821 | Tap to choose an account","true","NAVIGATE","1330:10825","Bill agreement / Accounts","true","[]"
"1348:10898","Bill payment / Review","1348:10948","Primary action","Contribute $18.00","true","NAVIGATE","1348:10951","Bill payment / Pending","true","[]"
"1348:10951","Bill payment / Pending","1348:10952","Back","‹","true","NAVIGATE","714:3018","Bill Detail / Groceries","true","[]"
"1348:10951","Bill payment / Pending","1348:11044","Primary action","View contribution","true","NAVIGATE","1348:11048","Bill payment / Pending details","true","[]"
"1348:10951","Bill payment / Pending","1348:11047","Back to bill","Back to bill","true","NAVIGATE","714:3018","Bill Detail / Groceries","true","[]"
"1348:11048","Bill payment / Pending details","1348:11049","Back","‹","true","NAVIGATE","1348:10951","Bill payment / Pending","true","[]"
"1348:11048","Bill payment / Pending details","1348:11096","Primary action","Back to bill","true","NAVIGATE","714:3018","Bill Detail / Groceries","true","[]"
"1348:11099","Bill payment / Received","1348:11100","Back","‹","true","NAVIGATE","714:3018","Bill Detail / Groceries","true","[]"
"1348:11099","Bill payment / Received","1348:11136","Primary action","Back to bill","true","NAVIGATE","714:3018","Bill Detail / Groceries","true","[]"
"1375:11172","Bill help / Needs attention","1375:11173","Back","‹","true","NAVIGATE","714:2708","Bills / Home","true","[]"
"1375:11172","Bill help / Needs attention","I1375:11179;1374:12493","Groceries issue","Groceries | Transfer unsuccessful | $18.00 · Due Sep 17","true","NAVIGATE","1375:11314","Bill help / Transfer unsuccessful","true","[]"
"1375:11172","Bill help / Needs attention","I1375:11179;1374:12505","Phone plan issue","Phone plan | Reconnect your account | $32.00 · Due Sep 20","true","NAVIGATE","1375:11413","Bill help / Reconnect account","true","[]"
"1375:11172","Bill help / Needs attention","I1375:11179;1374:12517","Electric issue","Electric | Share above your maximum | Review before Sep 18","true","NAVIGATE","1375:11740","Bill change / Above maximum","true","[]"
"1375:11172","Bill help / Needs attention","I1375:11179;1374:12529","Streaming membership issue","Streaming membership | Review your new share | Proposed from Oct 1","true","NAVIGATE","1375:11493","Bill change / Higher contribution","true","[]"
"1375:11172","Bill help / Needs attention","I1375:11179;1374:12541","Internet bill issue","Internet bill | Review the new group split | Proposed from Oct 1","true","NAVIGATE","1375:11617","Bill change / Group size changed","true","[]"
"1375:11172","Bill help / Needs attention","I1375:11306;1370:12276","Primary","Back to bills","true","NAVIGATE","714:2708","Bills / Home","true","[]"
"1375:11172","Bill help / Needs attention","I1375:11306;1370:12279","Secondary","View invitations","true","NAVIGATE","1209:7402","Inbox / Inbox Invites","true","[]"
"1375:11314","Bill help / Transfer unsuccessful","1375:11315","Back","‹","true","NAVIGATE","1375:11172","Bill help / Needs attention","true","[]"
"1375:11314","Bill help / Transfer unsuccessful","I1375:11407;1370:12276","Primary","Review another attempt","true","NAVIGATE","1348:10898","Bill payment / Review","true","[]"
"1375:11314","Bill help / Transfer unsuccessful","I1375:11407;1370:12279","Secondary","Ask the host","true","NAVIGATE","1377:13249","Bill help / Message host","true","[]"
"1375:11413","Bill help / Reconnect account","1375:11414","Back","‹","true","NAVIGATE","1375:11172","Bill help / Needs attention","true","[]"
"1375:11413","Bill help / Reconnect account","I1375:11487;1370:12276","Primary","Reconnect account","true","NAVIGATE","1377:13092","Bill help / Secure bank connection","true","[]"
"1375:11413","Bill help / Reconnect account","I1375:11487;1370:12279","Secondary","Use another account","true","NAVIGATE","1378:13204","Bill help / Choose eligible account","true","[]"
"1375:11493","Bill change / Higher contribution","1375:11494","Back","‹","true","NAVIGATE","1375:11172","Bill help / Needs attention","true","[]"
"1375:11493","Bill change / Higher contribution","I1375:11500;1374:12361","Host note","Note from your host | Our plan now costs $28 a month, so I’m proposing $14 each. | Message the host","true","NAVIGATE","1377:13249","Bill help / Message host","true","[]"
"1375:11493","Bill change / Higher contribution","I1375:11611;1370:12276","Primary","Review updated terms","true","NAVIGATE","1377:13017","Bill change / Updated terms","true","[]"
"1375:11493","Bill change / Higher contribution","I1375:11611;1370:12279","Secondary","Decline change","true","NAVIGATE","1377:13061","Bill change / Result","true","[]"
"1375:11617","Bill change / Group size changed","1375:11618","Back","‹","true","NAVIGATE","1375:11172","Bill help / Needs attention","true","[]"
"1375:11617","Bill change / Group size changed","I1375:11624;1374:12382","Host note","Note from your host | I’ve proposed splitting the same bill between the two of us. | Message the host","true","NAVIGATE","1377:13249","Bill help / Message host","true","[]"
"1375:11617","Bill change / Group size changed","I1375:11734;1370:12276","Primary","Review updated terms","true","NAVIGATE","1377:13017","Bill change / Updated terms","true","[]"
"1375:11617","Bill change / Group size changed","I1375:11734;1370:12279","Secondary","Decline change","true","NAVIGATE","1377:13061","Bill change / Result","true","[]"
"1375:11740","Bill change / Above maximum","1375:11741","Back","‹","true","NAVIGATE","1375:11172","Bill help / Needs attention","true","[]"
"1375:11740","Bill change / Above maximum","I1375:11837;1370:12276","Primary","Review proposed terms","true","NAVIGATE","1377:13017","Bill change / Updated terms","true","[]"
"1375:11740","Bill change / Above maximum","I1375:11837;1370:12279","Secondary","Message the host","true","NAVIGATE","1377:13249","Bill help / Message host","true","[]"
"1377:13017","Bill change / Updated terms","1377:13018","Back","‹","true","BACK","","null","false","[]"
"1377:13017","Bill change / Updated terms","I1377:13054;1370:12276","Primary","Accept updated terms","true","NAVIGATE","1377:13061","Bill change / Result","true","[]"
"1377:13017","Bill change / Updated terms","I1377:13054;1370:12279","Secondary","Go back","true","BACK","","null","false","[]"
"1377:13061","Bill change / Result","1377:13062","Back","‹","true","NAVIGATE","1375:11172","Bill help / Needs attention","true","[]"
"1377:13061","Bill change / Result","I1377:13085;1370:12276","Primary","Back to bills","true","NAVIGATE","714:2708","Bills / Home","true","[]"
"1377:13061","Bill change / Result","I1377:13085;1370:12279","Secondary","Needs attention","true","NAVIGATE","1375:11172","Bill help / Needs attention","true","[]"
"1377:13092","Bill help / Secure bank connection","1377:13093","Back","‹","true","BACK","","null","false","[]"
"1377:13092","Bill help / Secure bank connection","I1377:13117;1370:12276","Primary","Back to account","true","NAVIGATE","1375:11413","Bill help / Reconnect account","true","[]"
"1377:13092","Bill help / Secure bank connection","I1377:13117;1370:12279","Secondary","Use another account","true","NAVIGATE","1378:13204","Bill help / Choose eligible account","true","[]"
"1377:13124","Bill host / Equal allocation","1377:13125","Back","‹","true","NAVIGATE","714:2708","Bills / Home","true","[]"
"1377:13124","Bill host / Equal allocation","I1408:12218;1405:13255","Split equally toggle","Split equally | Each person pays the same amount","true","NAVIGATE","1408:12182","Bill host / Custom dollars","true","[]"
"1377:13124","Bill host / Equal allocation","I1408:12218;1405:13259","Toggle Switch","","true","NAVIGATE","1408:12182","Bill host / Custom dollars","true","[]"
"1377:13124","Bill host / Equal allocation","I1377:13170;1370:12276","Primary","Preview change","true","NAVIGATE","1408:12194","Bill host / Preview equal allocation","true","[]"
"1377:13124","Bill host / Equal allocation","I1377:13170;1370:12279","Secondary","Cancel","true","NAVIGATE","714:2708","Bills / Home","true","[]"
"1377:13177","Bill host / Proposal preview","1377:13178","Back","‹","true","NAVIGATE","1377:13124","Bill host / Equal allocation","true","[]"
"1377:13177","Bill host / Proposal preview","I1377:13242;1370:12276","Primary","Send proposal","true","NAVIGATE","1377:13061","Bill change / Result","true","[]"
"1377:13177","Bill host / Proposal preview","I1377:13242;1370:12279","Secondary","Edit proposal","true","NAVIGATE","1377:13124","Bill host / Equal allocation","true","[]"
"1377:13249","Bill help / Message host","1377:13250","Back","‹","true","BACK","","null","false","[]"
"1377:13249","Bill help / Message host","I1377:13268;1370:12276","Primary","Send message","true","NAVIGATE","1378:13227","Bill help / Message sent","true","[]"
"1377:13249","Bill help / Message host","I1377:13268;1370:12279","Secondary","Go back","true","BACK","","null","false","[]"
"1378:13204","Bill help / Choose eligible account","1378:13205","Back","‹","true","BACK","","null","false","[]"
"1378:13204","Bill help / Choose eligible account","I1378:13211;1378:13165","Household checking •• 7390","Household checking •• 7390 | Connected · Available to select","true","NAVIGATE","1377:13017","Bill change / Updated terms","true","[]"
"1378:13204","Bill help / Choose eligible account","I1378:13211;1378:13168","Everyday savings •• 2186","Everyday savings •• 2186 | Connected · Available to select","true","NAVIGATE","1377:13017","Bill change / Updated terms","true","[]"
"1378:13204","Bill help / Choose eligible account","I1378:13220;1370:12276","Primary","Go back","true","BACK","","null","false","[]"
"1378:13204","Bill help / Choose eligible account","I1378:13220;1370:12279","Secondary","Back to bills","true","NAVIGATE","714:2708","Bills / Home","true","[]"
"1378:13227","Bill help / Message sent","1378:13228","Back","‹","true","BACK","","null","false","[]"
"1378:13227","Bill help / Message sent","I1378:13243;1370:12276","Primary","Open Inbox","true","NAVIGATE","1209:7268","Inbox / Inbox Messages","true","[]"
"1378:13227","Bill help / Message sent","I1378:13243;1370:12279","Secondary","Back to bills","true","NAVIGATE","714:2708","Bills / Home","true","[]"
"1408:12182","Bill host / Custom dollars","1408:12183","Back","‹","true","NAVIGATE","714:2708","Bills / Home","true","[]"
"1408:12182","Bill host / Custom dollars","I1408:12317;1405:13301","Split equally toggle","Split equally | Set each person’s share","true","NAVIGATE","1377:13124","Bill host / Equal allocation","true","[]"
"1408:12182","Bill host / Custom dollars","I1408:12317;1405:13305","Toggle Switch","","true","NAVIGATE","1377:13124","Bill host / Equal allocation","true","[]"
"1408:12182","Bill host / Custom dollars","I1408:12317;1405:13311","Percentages tab","Percentages","true","NAVIGATE","1408:12188","Bill host / Custom percentages","true","[]"
"1408:12182","Bill host / Custom dollars","I1408:12187;1370:12276","Primary","Preview change","true","NAVIGATE","1408:12200","Bill host / Preview dollar allocation","true","[]"
"1408:12182","Bill host / Custom dollars","I1408:12187;1370:12279","Secondary","Cancel","true","NAVIGATE","714:2708","Bills / Home","true","[]"
"1408:12188","Bill host / Custom percentages","1408:12189","Back","‹","true","NAVIGATE","714:2708","Bills / Home","true","[]"
"1408:12188","Bill host / Custom percentages","I1408:12425;1405:13356","Split equally toggle","Split equally | Set each person’s share","true","NAVIGATE","1377:13124","Bill host / Equal allocation","true","[]"
"1408:12188","Bill host / Custom percentages","I1408:12425;1405:13360","Toggle Switch","","true","NAVIGATE","1377:13124","Bill host / Equal allocation","true","[]"
"1408:12188","Bill host / Custom percentages","I1408:12425;1405:13363","Dollars tab","Dollars","true","NAVIGATE","1408:12182","Bill host / Custom dollars","true","[]"
"1408:12188","Bill host / Custom percentages","I1408:12193;1370:12276","Primary","Preview change","true","NAVIGATE","1408:12206","Bill host / Preview percentage allocation","true","[]"
"1408:12188","Bill host / Custom percentages","I1408:12193;1370:12279","Secondary","Cancel","true","NAVIGATE","714:2708","Bills / Home","true","[]"
"1408:12194","Bill host / Preview equal allocation","1408:12195","Back","‹","true","NAVIGATE","1377:13124","Bill host / Equal allocation","true","[]"
"1408:12194","Bill host / Preview equal allocation","I1408:12536;1426:13647","View all contributors","View all 3 contributors  ›","true","NAVIGATE","1428:13817","Bill host / All contributors / 3 equal","true","[]"
"1408:12194","Bill host / Preview equal allocation","I1408:12199;1370:12276","Primary","Send proposal","true","NAVIGATE","1408:12212","Bill host / Allocation proposal sent","true","[]"
"1408:12194","Bill host / Preview equal allocation","I1408:12199;1370:12279","Secondary","Edit shares","true","NAVIGATE","1377:13124","Bill host / Equal allocation","true","[]"
"1408:12200","Bill host / Preview dollar allocation","1408:12201","Back","‹","true","NAVIGATE","1408:12182","Bill host / Custom dollars","true","[]"
"1408:12200","Bill host / Preview dollar allocation","I1408:12596;1426:13703","View all contributors","View all 3 contributors  ›","true","NAVIGATE","1428:13932","Bill host / All contributors / 3 dollars","true","[]"
"1408:12200","Bill host / Preview dollar allocation","I1408:12205;1370:12276","Primary","Send proposal","true","NAVIGATE","1408:12212","Bill host / Allocation proposal sent","true","[]"
"1408:12200","Bill host / Preview dollar allocation","I1408:12205;1370:12279","Secondary","Edit shares","true","NAVIGATE","1408:12182","Bill host / Custom dollars","true","[]"
"1408:12206","Bill host / Preview percentage allocation","1408:12207","Back","‹","true","NAVIGATE","1408:12188","Bill host / Custom percentages","true","[]"
"1408:12206","Bill host / Preview percentage allocation","I1408:12656;1426:13703","View all contributors","View all 3 contributors  ›","true","NAVIGATE","1428:14047","Bill host / All contributors / 3 percentages","true","[]"
"1408:12206","Bill host / Preview percentage allocation","I1408:12211;1370:12276","Primary","Send proposal","true","NAVIGATE","1408:12212","Bill host / Allocation proposal sent","true","[]"
"1408:12206","Bill host / Preview percentage allocation","I1408:12211;1370:12279","Secondary","Edit shares","true","NAVIGATE","1408:12188","Bill host / Custom percentages","true","[]"
"1408:12212","Bill host / Allocation proposal sent","1408:12213","Back","‹","true","NAVIGATE","714:2708","Bills / Home","true","[]"
"1408:12212","Bill host / Allocation proposal sent","I1408:12716;1445:14518;1445:14513","View responses","View responses","true","NAVIGATE","1420:13562","Bill host / Proposal responses","true","[]"
"1408:12212","Bill host / Allocation proposal sent","I1408:12217;1370:12276","Primary","View responses","true","NAVIGATE","1420:13562","Bill host / Proposal responses","true","[]"
"1408:12212","Bill host / Allocation proposal sent","I1408:12217;1370:12279","Secondary","Back to bills","true","NAVIGATE","714:2708","Bills / Home","true","[]"
"1420:13562","Bill host / Proposal responses","1420:13563","Back","‹","true","NAVIGATE","1408:12212","Bill host / Allocation proposal sent","true","[]"
"1420:13562","Bill host / Proposal responses","I1420:13567;1370:12276","Primary","View proposal","true","NAVIGATE","1408:12212","Bill host / Allocation proposal sent","true","[]"
"1420:13562","Bill host / Proposal responses","I1420:13567;1370:12279","Secondary","Back to bills","true","NAVIGATE","714:2708","Bills / Home","true","[]"
"1428:13747","Bill host / Review 12 contributors","1428:13748","Back","‹","true","NAVIGATE","1377:13124","Bill host / Equal allocation","true","[]"
"1428:13747","Bill host / Review 12 contributors","I1428:13751;1426:13736","View remaining contributors","+8","true","NAVIGATE","1428:14162","Bill host / All contributors / 12 equal","true","[]"
"1428:13747","Bill host / Review 12 contributors","I1428:13751;1426:13766","View all contributors","View all 12 contributors  ›","true","NAVIGATE","1428:14162","Bill host / All contributors / 12 equal","true","[]"
"1428:13747","Bill host / Review 12 contributors","I1428:13752;1370:12276","Primary","Send proposal","true","NAVIGATE","1430:13227","Bill host / Proposal sent / 12 contributors","true","[]"
"1428:13747","Bill host / Review 12 contributors","I1428:13752;1370:12279","Secondary","Edit shares","true","NAVIGATE","1430:13163","Bill host / Equal allocation / 12 contributors","true","[]"
"1428:13817","Bill host / All contributors / 3 equal","1428:13818","Back","‹","true","NAVIGATE","1408:12194","Bill host / Preview equal allocation","true","[]"
"1428:13817","Bill host / All contributors / 3 equal","I1428:13822;1370:12276","Primary","Back to review","true","NAVIGATE","1408:12194","Bill host / Preview equal allocation","true","[]"
"1428:13932","Bill host / All contributors / 3 dollars","1428:13933","Back","‹","true","NAVIGATE","1408:12200","Bill host / Preview dollar allocation","true","[]"
"1428:13932","Bill host / All contributors / 3 dollars","I1428:13937;1370:12276","Primary","Back to review","true","NAVIGATE","1408:12200","Bill host / Preview dollar allocation","true","[]"
"1428:14047","Bill host / All contributors / 3 percentages","1428:14048","Back","‹","true","NAVIGATE","1408:12206","Bill host / Preview percentage allocation","true","[]"
"1428:14047","Bill host / All contributors / 3 percentages","I1428:14052;1370:12276","Primary","Back to review","true","NAVIGATE","1408:12206","Bill host / Preview percentage allocation","true","[]"
"1428:14162","Bill host / All contributors / 12 equal","1428:14163","Back","‹","true","NAVIGATE","1428:13747","Bill host / Review 12 contributors","true","[]"
"1428:14162","Bill host / All contributors / 12 equal","I1428:14167;1370:12276","Primary","Back to review","true","NAVIGATE","1428:13747","Bill host / Review 12 contributors","true","[]"
"1430:13163","Bill host / Equal allocation / 12 contributors","1430:13164","Back","‹","true","NAVIGATE","1428:13747","Bill host / Review 12 contributors","true","[]"
"1430:13163","Bill host / Equal allocation / 12 contributors","I1430:13168;1370:12276","Primary","Preview change","true","NAVIGATE","1428:13747","Bill host / Review 12 contributors","true","[]"
"1430:13163","Bill host / Equal allocation / 12 contributors","I1430:13168;1370:12279","Secondary","Cancel","true","NAVIGATE","714:2708","Bills / Home","true","[]"
"1430:13227","Bill host / Proposal sent / 12 contributors","1430:13228","Back","‹","true","NAVIGATE","1428:13747","Bill host / Review 12 contributors","true","[]"
"1430:13227","Bill host / Proposal sent / 12 contributors","I1430:13231;1445:14518;1445:14513","View responses","View responses","true","NAVIGATE","1448:14903","Bill host / Proposal responses / 12 contributors","true","[]"
"1430:13227","Bill host / Proposal sent / 12 contributors","I1430:13232;1370:12276","Primary","View responses","true","NAVIGATE","1448:14903","Bill host / Proposal responses / 12 contributors","true","[]"
"1430:13227","Bill host / Proposal sent / 12 contributors","I1430:13232;1370:12279","Secondary","Back to bills","true","NAVIGATE","714:2708","Bills / Home","true","[]"
"1448:14903","Bill host / Proposal responses / 12 contributors","1448:14904","Back","‹","true","NAVIGATE","1430:13227","Bill host / Proposal sent / 12 contributors","true","[]"
"1448:14903","Bill host / Proposal responses / 12 contributors","I1448:14908;1370:12276","Primary","View proposal","true","NAVIGATE","1430:13227","Bill host / Proposal sent / 12 contributors","true","[]"
"1448:14903","Bill host / Proposal responses / 12 contributors","I1448:14908;1370:12279","Secondary","Back to bills","true","NAVIGATE","714:2708","Bills / Home","true","[]"
"1462:15167","Bill host / Resolution / Declined share","1462:15168","Back","‹","true","NAVIGATE","714:2789","Bill Detail / Internet bill","true","[]"
"1462:15167","Bill host / Resolution / Declined share","I1462:15171;1460:14999","more","More options | Keep their share, remove from bill, or cancel changes","true","NAVIGATE","1462:15308","Bill host / Resolution / More options","true","[]"
"1462:15167","Bill host / Resolution / Declined share","I1462:15172;1370:12276","Primary","Message Taylor","true","NAVIGATE","1462:15426","Bill host / Resolution / Message contributor","true","[]"
"1462:15167","Bill host / Resolution / Declined share","I1462:15172;1370:12279","Secondary","Revise proposal","true","NAVIGATE","1462:16657","Bill host / Resolution / Revise shares","true","[]"
"1462:15308","Bill host / Resolution / More options","1462:15309","Back","‹","true","NAVIGATE","1462:15167","Bill host / Resolution / Declined share","true","[]"
"1462:15308","Bill host / Resolution / More options","I1462:15312;1460:15053","keep","Keep their current share | Review the $4 monthly difference","true","NAVIGATE","1462:15895","Bill host / Resolution / Review current share","true","[]"
"1462:15308","Bill host / Resolution / More options","I1462:15312;1460:15061","remove","Remove Taylor from this bill | Review the remaining contributions first","true","NAVIGATE","1462:15640","Bill host / Resolution / Review bill removal","true","[]"
"1462:15308","Bill host / Resolution / More options","I1462:15312;1460:15069","withdraw","Cancel proposed changes | Preserve agreements already accepted","true","NAVIGATE","1462:16159","Bill host / Resolution / Review withdrawal","true","[]"
"1462:15308","Bill host / Resolution / More options","I1462:15313;1370:12276","Primary","Back to proposal","true","NAVIGATE","1462:15167","Bill host / Resolution / Declined share","true","[]"
"1462:15308","Bill host / Resolution / More options","I1462:15313;1370:12279","Secondary","View bill","true","NAVIGATE","714:2789","Bill Detail / Internet bill","true","[]"
"1462:15426","Bill host / Resolution / Message contributor","1462:15427","Back","‹","true","NAVIGATE","1462:15167","Bill host / Resolution / Declined share","true","[]"
"1462:15426","Bill host / Resolution / Message contributor","I1462:15431;1370:12276","Primary","Send message","true","NAVIGATE","1462:15533","Bill host / Resolution / Message sent preview","true","[]"
"1462:15426","Bill host / Resolution / Message contributor","I1462:15431;1370:12279","Secondary","Cancel","true","NAVIGATE","1462:15167","Bill host / Resolution / Declined share","true","[]"
"1462:15533","Bill host / Resolution / Message sent preview","1462:15534","Back","‹","true","NAVIGATE","1462:15426","Bill host / Resolution / Message contributor","true","[]"
"1462:15533","Bill host / Resolution / Message sent preview","I1462:15538;1370:12276","Primary","Back to proposal","true","NAVIGATE","1462:15167","Bill host / Resolution / Declined share","true","[]"
"1462:15533","Bill host / Resolution / Message sent preview","I1462:15538;1370:12279","Secondary","View bill","true","NAVIGATE","714:2789","Bill Detail / Internet bill","true","[]"
"1462:15640","Bill host / Resolution / Review bill removal","1462:15641","Back","‹","true","NAVIGATE","1462:15167","Bill host / Resolution / Declined share","true","[]"
"1462:15640","Bill host / Resolution / Review bill removal","I1462:15644;1461:15139","You confirm each transfer. Nothing is collected now.","Propose a different split instead","true","NAVIGATE","1464:16013","Bill host / Resolution / Redistribute after removal","true","[]"
"1462:15640","Bill host / Resolution / Review bill removal","I1462:15645;1370:12276","Primary","Confirm removal and my share","true","NAVIGATE","1462:15768","Bill host / Resolution / Removal confirmed","true","[]"
"1462:15640","Bill host / Resolution / Review bill removal","I1462:15645;1370:12279","Secondary","Keep Taylor on this bill","true","NAVIGATE","1462:15167","Bill host / Resolution / Declined share","true","[]"
"1462:15768","Bill host / Resolution / Removal confirmed","1462:15769","Back","‹","true","NAVIGATE","1462:15167","Bill host / Resolution / Declined share","true","[]"
"1462:15768","Bill host / Resolution / Removal confirmed","I1462:15773;1370:12276","Primary","View bill","true","NAVIGATE","714:2789","Bill Detail / Internet bill","true","[]"
"1462:15768","Bill host / Resolution / Removal confirmed","I1462:15773;1370:12279","Secondary","Back to proposal","true","NAVIGATE","1462:15167","Bill host / Resolution / Declined share","true","[]"
"1462:15895","Bill host / Resolution / Review current share","1462:15896","Back","‹","true","NAVIGATE","1462:15167","Bill host / Resolution / Declined share","true","[]"
"1462:15895","Bill host / Resolution / Review current share","I1462:15900;1370:12276","Primary","Confirm my $36 share","true","NAVIGATE","1462:16027","Bill host / Resolution / Current share kept","true","[]"
"1462:15895","Bill host / Resolution / Review current share","I1462:15900;1370:12279","Secondary","Back","true","NAVIGATE","1462:15167","Bill host / Resolution / Declined share","true","[]"
"1462:16027","Bill host / Resolution / Current share kept","1462:16028","Back","‹","true","NAVIGATE","1462:15167","Bill host / Resolution / Declined share","true","[]"
"1462:16027","Bill host / Resolution / Current share kept","I1462:16032;1370:12276","Primary","View bill","true","NAVIGATE","714:2789","Bill Detail / Internet bill","true","[]"
"1462:16027","Bill host / Resolution / Current share kept","I1462:16032;1370:12279","Secondary","Back to proposal","true","NAVIGATE","1462:15167","Bill host / Resolution / Declined share","true","[]"
"1462:16159","Bill host / Resolution / Review withdrawal","1462:16160","Back","‹","true","NAVIGATE","1462:15167","Bill host / Resolution / Declined share","true","[]"
"1462:16159","Bill host / Resolution / Review withdrawal","I1462:16164;1370:12276","Primary","Cancel proposed changes","true","NAVIGATE","1462:16278","Bill host / Resolution / Changes withdrawn","true","[]"
"1462:16159","Bill host / Resolution / Review withdrawal","I1462:16164;1370:12279","Secondary","Keep proposal","true","NAVIGATE","1462:15167","Bill host / Resolution / Declined share","true","[]"
"1462:16278","Bill host / Resolution / Changes withdrawn","1462:16279","Back","‹","true","NAVIGATE","1462:15167","Bill host / Resolution / Declined share","true","[]"
"1462:16278","Bill host / Resolution / Changes withdrawn","I1462:16283;1370:12276","Primary","Review the $4 gap","true","NAVIGATE","1462:15895","Bill host / Resolution / Review current share","true","[]"
"1462:16278","Bill host / Resolution / Changes withdrawn","I1462:16283;1370:12279","Secondary","View bill","true","NAVIGATE","714:2789","Bill Detail / Internet bill","true","[]"
"1462:16397","Bill host / Resolution / Revised shares review","1462:16398","Back","‹","true","NAVIGATE","1462:15167","Bill host / Resolution / Declined share","true","[]"
"1462:16397","Bill host / Resolution / Revised shares review","I1462:16402;1370:12276","Primary","Send revised proposal","true","NAVIGATE","1462:16527","Bill host / Resolution / Revision sent","true","[]"
"1462:16397","Bill host / Resolution / Revised shares review","I1462:16402;1370:12279","Secondary","Edit shares","true","NAVIGATE","1462:16657","Bill host / Resolution / Revise shares","true","[]"
"1462:16527","Bill host / Resolution / Revision sent","1462:16528","Back","‹","true","NAVIGATE","1462:15167","Bill host / Resolution / Declined share","true","[]"
"1462:16527","Bill host / Resolution / Revision sent","I1462:16532;1370:12276","Primary","Back to proposal","true","NAVIGATE","1462:15167","Bill host / Resolution / Declined share","true","[]"
"1462:16527","Bill host / Resolution / Revision sent","I1462:16532;1370:12279","Secondary","View bill","true","NAVIGATE","714:2789","Bill Detail / Internet bill","true","[]"
"1462:16657","Bill host / Resolution / Revise shares","1462:16658","Back","‹","true","NAVIGATE","1462:15167","Bill host / Resolution / Declined share","true","[]"
"1462:16657","Bill host / Resolution / Revise shares","I1462:16662;1370:12276","Primary","Preview revised proposal","true","NAVIGATE","1462:16397","Bill host / Resolution / Revised shares review","true","[]"
"1462:16657","Bill host / Resolution / Revise shares","I1462:16662;1370:12279","Secondary","Cancel","true","NAVIGATE","1462:15167","Bill host / Resolution / Declined share","true","[]"
"1464:16013","Bill host / Resolution / Redistribute after removal","1464:16014","Back","‹","true","NAVIGATE","1462:15640","Bill host / Resolution / Review bill removal","true","[]"
"1464:16013","Bill host / Resolution / Redistribute after removal","I1464:16018;1370:12276","Primary","Send revised removal plan","true","NAVIGATE","1464:16139","Bill host / Resolution / Removal plan proposed","true","[]"
"1464:16013","Bill host / Resolution / Redistribute after removal","I1464:16018;1370:12279","Secondary","Back to removal","true","NAVIGATE","1462:15640","Bill host / Resolution / Review bill removal","true","[]"
"1464:16139","Bill host / Resolution / Removal plan proposed","1464:16140","Back","‹","true","NAVIGATE","1462:15640","Bill host / Resolution / Review bill removal","true","[]"
"1464:16139","Bill host / Resolution / Removal plan proposed","I1464:16144;1370:12276","Primary","Review removal plan","true","NAVIGATE","1464:16013","Bill host / Resolution / Redistribute after removal","true","[]"
"1464:16139","Bill host / Resolution / Removal plan proposed","I1464:16144;1370:12279","Secondary","View bill","true","NAVIGATE","714:2789","Bill Detail / Internet bill","true","[]"
"1480:16596","Bill / Follow-up / Everyone accepted","1480:16597","Back","‹","true","NAVIGATE","1462:15167","Bill host / Resolution / Declined share","true","[]"
"1480:16596","Bill / Follow-up / Everyone accepted","I1480:16601;1495:18436","Primary","View scheduled change","true","NAVIGATE","1480:16675","Bill / Follow-up / Scheduled shares","true","[]"
"1480:16596","Bill / Follow-up / Everyone accepted","I1480:16601;1495:18437","Secondary","View bill","true","NAVIGATE","1480:16885","Bill / Follow-up / Updated bill October","true","[]"
"1480:16675","Bill / Follow-up / Scheduled shares","1480:16676","Back","‹","true","NAVIGATE","1480:16596","Bill / Follow-up / Everyone accepted","true","[]"
"1480:16675","Bill / Follow-up / Scheduled shares","I1480:16680;1495:18436","Primary","View bill","true","NAVIGATE","1480:16885","Bill / Follow-up / Updated bill October","true","[]"
"1480:16675","Bill / Follow-up / Scheduled shares","I1480:16680;1495:18437","Secondary","Back to proposal","true","NAVIGATE","1480:16596","Bill / Follow-up / Everyone accepted","true","[]"
"1480:16885","Bill / Follow-up / Updated bill October","1480:16886","Back","‹","true","NAVIGATE","1480:16675","Bill / Follow-up / Scheduled shares","true","[]"
"1480:16885","Bill / Follow-up / Updated bill October","I1480:16890;1495:18436","Primary","Make my contribution","true","NAVIGATE","1489:18240","Bill / Follow-up / Review October contribution","true","[]"
"1480:16885","Bill / Follow-up / Updated bill October","I1480:16890;1495:18437","Secondary","View contribution terms","true","NAVIGATE","1490:18336","Bill / Follow-up / Manual contribution terms","true","[]"
"1480:16958","Bill / Follow-up / Removal plan accepted","1480:16959","Back","‹","true","NAVIGATE","1464:16139","Bill host / Resolution / Removal plan proposed","true","[]"
"1480:16958","Bill / Follow-up / Removal plan accepted","I1480:16963;1495:18436","Primary","Review removal","true","NAVIGATE","1480:17153","Bill / Follow-up / Confirm accepted removal","true","[]"
"1480:16958","Bill / Follow-up / Removal plan accepted","I1480:16963;1495:18437","Secondary","View bill","true","NAVIGATE","1490:18488","Bill / Follow-up / Bill with automatic agreement","true","[]"
"1480:17153","Bill / Follow-up / Confirm accepted removal","1480:17154","Back","‹","true","NAVIGATE","1480:16958","Bill / Follow-up / Removal plan accepted","true","[]"
"1480:17153","Bill / Follow-up / Confirm accepted removal","I1480:17158;1495:18436","Primary","Confirm removal","true","NAVIGATE","1480:17226","Bill / Follow-up / Updated contributors","true","[]"
"1480:17153","Bill / Follow-up / Confirm accepted removal","I1480:17158;1495:18437","Secondary","Keep Taylor on this bill","true","NAVIGATE","1480:16958","Bill / Follow-up / Removal plan accepted","true","[]"
"1480:17226","Bill / Follow-up / Updated contributors","1480:17227","Back","‹","true","NAVIGATE","1480:17153","Bill / Follow-up / Confirm accepted removal","true","[]"
"1480:17226","Bill / Follow-up / Updated contributors","I1480:17231;1495:18436","Primary","View bill","true","NAVIGATE","1489:18386","Bill / Follow-up / Bill after accepted removal","true","[]"
"1480:17226","Bill / Follow-up / Updated contributors","I1480:17231;1495:18437","Secondary","View past contributors","true","NAVIGATE","1489:17970","Bill / Follow-up / Past contributors","true","[]"
"1480:17401","Bill / Follow-up / Revision declined again","1480:17402","Back","‹","true","NAVIGATE","1462:16527","Bill host / Resolution / Revision sent","true","[]"
"1480:17401","Bill / Follow-up / Revision declined again","I1480:17405;1477:16452","keep","Keep Taylor’s current share","true","NAVIGATE","1462:15895","Bill host / Resolution / Review current share","true","[]"
"1480:17401","Bill / Follow-up / Revision declined again","I1480:17405;1477:16458","cancel","Cancel proposed changes","true","NAVIGATE","1462:16159","Bill host / Resolution / Review withdrawal","true","[]"
"1480:17401","Bill / Follow-up / Revision declined again","I1480:17405;1477:16464","more","More options","true","NAVIGATE","1462:15308","Bill host / Resolution / More options","true","[]"
"1480:17401","Bill / Follow-up / Revision declined again","I1480:17406;1495:18436","Primary","Message Taylor","true","NAVIGATE","1462:15426","Bill host / Resolution / Message contributor","true","[]"
"1480:17401","Bill / Follow-up / Revision declined again","I1480:17406;1495:18437","Secondary","Revise proposal","true","NAVIGATE","1462:16657","Bill host / Resolution / Revise shares","true","[]"
"1480:17474","Bill / Follow-up / Your agreement","1480:17475","Back","‹","true","NAVIGATE","1490:18488","Bill / Follow-up / Bill with automatic agreement","true","[]"
"1480:17474","Bill / Follow-up / Your agreement","I1480:17478;1477:16553","funding","Change funding account","true","NAVIGATE","1489:17891","Bill / Follow-up / Current funding account selected","true","[]"
"1480:17474","Bill / Follow-up / Your agreement","I1480:17478;1477:16562","stop","Stop future contributions","true","NAVIGATE","1480:17896","Bill / Follow-up / Stop future contributions","true","[]"
"1480:17474","Bill / Follow-up / Your agreement","I1480:17479;1495:18436","Primary","Back to bill","true","NAVIGATE","1490:18488","Bill / Follow-up / Bill with automatic agreement","true","[]"
"1480:17474","Bill / Follow-up / Your agreement","I1480:17479;1495:18437","Secondary","View contribution history","true","NAVIGATE","1480:18256","Bill / Follow-up / Your contribution history","true","[]"
"1480:17547","Bill / Follow-up / Choose funding account","1480:17548","Back","‹","true","NAVIGATE","1480:17474","Bill / Follow-up / Your agreement","true","[]"
"1480:17547","Bill / Follow-up / Choose funding account","I1480:17551;1477:16595","Bill follow-up / Funding account option","Personal checking •• 4821 | Current account","true","NAVIGATE","1489:17891","Bill / Follow-up / Current funding account selected","true","[]"
"1480:17547","Bill / Follow-up / Choose funding account","I1480:17551;1477:16617","connect","Connect another account","true","NAVIGATE","1489:18043","Bill / Follow-up / Connect another funding account","true","[]"
"1480:17547","Bill / Follow-up / Choose funding account","I1480:17552;1495:18436","Primary","Review account change","true","NAVIGATE","1480:17823","Bill / Follow-up / Review funding change","true","[]"
"1480:17547","Bill / Follow-up / Choose funding account","I1480:17552;1495:18437","Secondary","Cancel","true","NAVIGATE","1480:17474","Bill / Follow-up / Your agreement","true","[]"
"1480:17823","Bill / Follow-up / Review funding change","1480:17824","Back","‹","true","NAVIGATE","1480:17547","Bill / Follow-up / Choose funding account","true","[]"
"1480:17823","Bill / Follow-up / Review funding change","I1480:17827;1477:16684","Read authorization terms","Read authorization terms","true","NAVIGATE","1480:18329","Bill / Follow-up / Funding authorization details","true","[]"
"1480:17823","Bill / Follow-up / Review funding change","I1480:17828;1495:18436","Primary","Confirm account change","true","NAVIGATE","1480:18183","Bill / Follow-up / Funding account updated","true","[]"
"1480:17823","Bill / Follow-up / Review funding change","I1480:17828;1495:18437","Secondary","Back","true","NAVIGATE","1480:17547","Bill / Follow-up / Choose funding account","true","[]"
"1480:17896","Bill / Follow-up / Stop future contributions","1480:17897","Back","‹","true","NAVIGATE","1480:17474","Bill / Follow-up / Your agreement","true","[]"
"1480:17896","Bill / Follow-up / Stop future contributions","I1480:17901;1495:18436","Primary","Stop future contributions","true","NAVIGATE","1480:17969","Bill / Follow-up / Future contributions stopped","true","[]"
"1480:17896","Bill / Follow-up / Stop future contributions","I1480:17901;1495:18437","Secondary","Keep my agreement","true","NAVIGATE","1480:17474","Bill / Follow-up / Your agreement","true","[]"
"1480:17969","Bill / Follow-up / Future contributions stopped","1480:17970","Back","‹","true","NAVIGATE","1489:18621","Bill / Follow-up / Bill with ended agreement","true","[]"
"1480:17969","Bill / Follow-up / Future contributions stopped","I1480:17974;1495:18436","Primary","View contribution history","true","NAVIGATE","1480:18256","Bill / Follow-up / Your contribution history","true","[]"
"1480:17969","Bill / Follow-up / Future contributions stopped","I1480:17974;1495:18437","Secondary","Back to bill","true","NAVIGATE","1489:18621","Bill / Follow-up / Bill with ended agreement","true","[]"
"1480:18183","Bill / Follow-up / Funding account updated","1480:18184","Back","‹","true","NAVIGATE","1490:18488","Bill / Follow-up / Bill with automatic agreement","true","[]"
"1480:18183","Bill / Follow-up / Funding account updated","I1480:18187;1478:16551","funding","Change funding account","true","NAVIGATE","1480:17547","Bill / Follow-up / Choose funding account","true","[]"
"1480:18183","Bill / Follow-up / Funding account updated","I1480:18187;1478:16560","stop","Stop future contributions","true","NAVIGATE","1480:17896","Bill / Follow-up / Stop future contributions","true","[]"
"1480:18183","Bill / Follow-up / Funding account updated","I1480:18188;1495:18436","Primary","Back to bill","true","NAVIGATE","1490:18488","Bill / Follow-up / Bill with automatic agreement","true","[]"
"1480:18183","Bill / Follow-up / Funding account updated","I1480:18188;1495:18437","Secondary","View contribution history","true","NAVIGATE","1480:18256","Bill / Follow-up / Your contribution history","true","[]"
"1480:18256","Bill / Follow-up / Your contribution history","1480:18257","Back","‹","true","BACK","","null","false","[]"
"1480:18256","Bill / Follow-up / Your contribution history","I1480:18261;1495:18436","Primary","Back","true","BACK","","null","false","[]"
"1480:18256","Bill / Follow-up / Your contribution history","I1480:18261;1495:18437","Secondary","Back to bills","true","NAVIGATE","714:2708","Bills / Home","true","[]"
"1480:18329","Bill / Follow-up / Funding authorization details","1480:18330","Back","‹","true","NAVIGATE","1480:17823","Bill / Follow-up / Review funding change","true","[]"
"1480:18329","Bill / Follow-up / Funding authorization details","I1480:18334;1495:18436","Primary","Back to review","true","NAVIGATE","1480:17823","Bill / Follow-up / Review funding change","true","[]"
"1480:18329","Bill / Follow-up / Funding authorization details","I1480:18334;1495:18437","Secondary","Cancel","true","NAVIGATE","1480:17547","Bill / Follow-up / Choose funding account","true","[]"
"1489:17891","Bill / Follow-up / Current funding account selected","1489:17892","Back","‹","true","NAVIGATE","1480:17474","Bill / Follow-up / Your agreement","true","[]"
"1489:17891","Bill / Follow-up / Current funding account selected","I1489:17895;1486:17592","Bill follow-up / Funding account option","Savings •• 1108 | Ready to use","true","NAVIGATE","1480:17547","Bill / Follow-up / Choose funding account","true","[]"
"1489:17891","Bill / Follow-up / Current funding account selected","I1489:17895;1486:17594","connect","Connect another account","true","NAVIGATE","1489:18043","Bill / Follow-up / Connect another funding account","true","[]"
"1489:17891","Bill / Follow-up / Current funding account selected","I1489:17896;1495:18436","Primary","Keep current account","true","NAVIGATE","1480:17474","Bill / Follow-up / Your agreement","true","[]"
"1489:17891","Bill / Follow-up / Current funding account selected","I1489:17896;1495:18437","Secondary","Cancel","true","NAVIGATE","1480:17474","Bill / Follow-up / Your agreement","true","[]"
"1489:17970","Bill / Follow-up / Past contributors","1489:17971","Back","‹","true","NAVIGATE","1480:17226","Bill / Follow-up / Updated contributors","true","[]"
"1489:17970","Bill / Follow-up / Past contributors","I1489:17975;1495:18436","Primary","Back to contributors","true","NAVIGATE","1480:17226","Bill / Follow-up / Updated contributors","true","[]"
"1489:17970","Bill / Follow-up / Past contributors","I1489:17975;1495:18437","Secondary","View bill","true","NAVIGATE","1489:18386","Bill / Follow-up / Bill after accepted removal","true","[]"
"1489:18043","Bill / Follow-up / Connect another funding account","1489:18044","Back","‹","true","BACK","","null","false","[]"
"1489:18043","Bill / Follow-up / Connect another funding account","I1489:18048;1495:18436","Primary","Back to account selection","true","BACK","","null","false","[]"
"1489:18043","Bill / Follow-up / Connect another funding account","I1489:18048;1495:18437","Secondary","Cancel","true","NAVIGATE","1480:17474","Bill / Follow-up / Your agreement","true","[]"
"1489:18240","Bill / Follow-up / Review October contribution","1489:18241","Back","‹","true","NAVIGATE","1480:16885","Bill / Follow-up / Updated bill October","true","[]"
"1489:18240","Bill / Follow-up / Review October contribution","I1489:18245;1495:18436","Primary","Contribute $32.00","true","NAVIGATE","1489:18313","Bill / Follow-up / October contribution pending","true","[]"
"1489:18240","Bill / Follow-up / Review October contribution","I1489:18245;1495:18437","Secondary","Back to bill","true","NAVIGATE","1480:16885","Bill / Follow-up / Updated bill October","true","[]"
"1489:18313","Bill / Follow-up / October contribution pending","1489:18314","Back","‹","true","NAVIGATE","714:2708","Bills / Home","true","[]"
"1489:18313","Bill / Follow-up / October contribution pending","I1489:18318;1495:18436","Primary","View contribution history","true","NAVIGATE","1490:18415","Bill / Follow-up / Contribution history with pending transfer","true","[]"
"1489:18313","Bill / Follow-up / October contribution pending","I1489:18318;1495:18437","Secondary","Back to bills","true","NAVIGATE","714:2708","Bills / Home","true","[]"
"1489:18386","Bill / Follow-up / Bill after accepted removal","1489:18387","Back","‹","true","NAVIGATE","1480:17226","Bill / Follow-up / Updated contributors","true","[]"
"1489:18386","Bill / Follow-up / Bill after accepted removal","I1489:18391;1495:18436","Primary","View contributors","true","NAVIGATE","1480:17226","Bill / Follow-up / Updated contributors","true","[]"
"1489:18386","Bill / Follow-up / Bill after accepted removal","I1489:18391;1495:18437","Secondary","Back to bills","true","NAVIGATE","714:2708","Bills / Home","true","[]"
"1489:18621","Bill / Follow-up / Bill with ended agreement","1489:18622","Back","‹","true","NAVIGATE","1480:17969","Bill / Follow-up / Future contributions stopped","true","[]"
"1489:18621","Bill / Follow-up / Bill with ended agreement","I1489:18626;1495:18436","Primary","View contribution history","true","NAVIGATE","1480:18256","Bill / Follow-up / Your contribution history","true","[]"
"1489:18621","Bill / Follow-up / Bill with ended agreement","I1489:18626;1495:18437","Secondary","Back to bills","true","NAVIGATE","714:2708","Bills / Home","true","[]"
"1490:18336","Bill / Follow-up / Manual contribution terms","1490:18337","Back","‹","true","NAVIGATE","1480:16885","Bill / Follow-up / Updated bill October","true","[]"
"1490:18336","Bill / Follow-up / Manual contribution terms","I1490:18341;1495:18436","Primary","Back to bill","true","NAVIGATE","1480:16885","Bill / Follow-up / Updated bill October","true","[]"
"1490:18336","Bill / Follow-up / Manual contribution terms","I1490:18341;1495:18437","Secondary","View contribution history","true","NAVIGATE","1480:18256","Bill / Follow-up / Your contribution history","true","[]"
"1490:18415","Bill / Follow-up / Contribution history with pending transfer","1490:18416","Back","‹","true","NAVIGATE","1489:18313","Bill / Follow-up / October contribution pending","true","[]"
"1490:18415","Bill / Follow-up / Contribution history with pending transfer","I1490:18420;1495:18436","Primary","Back to transfer","true","NAVIGATE","1489:18313","Bill / Follow-up / October contribution pending","true","[]"
"1490:18415","Bill / Follow-up / Contribution history with pending transfer","I1490:18420;1495:18437","Secondary","Back to bills","true","NAVIGATE","714:2708","Bills / Home","true","[]"
"1490:18488","Bill / Follow-up / Bill with automatic agreement","1490:18489","Back","‹","true","BACK","","null","false","[]"
"1490:18488","Bill / Follow-up / Bill with automatic agreement","I1490:18493;1495:18436","Primary","View agreement","true","BACK","","null","false","[]"
"1490:18488","Bill / Follow-up / Bill with automatic agreement","I1490:18493;1495:18437","Secondary","View contribution history","true","NAVIGATE","1480:18256","Bill / Follow-up / Your contribution history","true","[]"
"1525:18671","Bill ending / Review ending","1525:18672","Back","‹","true","NAVIGATE","714:2708","Bills / Home","true","[]"
"1525:18671","Bill ending / Review ending","I1525:18676;1495:18436","Primary","End shared bill","true","NAVIGATE","1525:18787","Bill ending / Bill ended","true","[]"
"1525:18671","Bill ending / Review ending","I1525:18676;1495:18437","Secondary","Keep bill active","true","NAVIGATE","714:2708","Bills / Home","true","[]"
"1525:18787","Bill ending / Bill ended","1525:18788","Back","‹","true","NAVIGATE","1525:18886","Bill ending / Bill history","true","[]"
"1525:18787","Bill ending / Bill ended","I1525:18792;1495:18436","Primary","View bill history","true","NAVIGATE","1525:18886","Bill ending / Bill history","true","[]"
"1525:18787","Bill ending / Bill ended","I1525:18792;1495:18437","Secondary","Back to bills","true","NAVIGATE","714:2708","Bills / Home","true","[]"
"1525:18886","Bill ending / Bill history","1525:18887","Back","‹","true","NAVIGATE","714:2708","Bills / Home","true","[]"
"1525:18886","Bill ending / Bill history","I1525:18942;1525:18615","September 2026","September 2026 | Bill payment · Paid | $96.00","true","NAVIGATE","1528:18888","Bill ending / September payment record","true","[]"
"1525:18886","Bill ending / Bill history","I1525:18942;1525:18628","August 2026","August 2026 | Bill payment · Paid | $96.00","true","NAVIGATE","1528:19006","Bill ending / August payment record","true","[]"
"1525:18886","Bill ending / Bill history","I1525:18942;1525:18641","July 2026","July 2026 | Bill payment · Paid | $84.00","true","NAVIGATE","1528:19124","Bill ending / July payment record","true","[]"
"1525:18886","Bill ending / Bill history","I1525:18942;1525:18653","Open contribution history","Contribution history | View each person’s past contributions","true","NAVIGATE","1528:19242","Bill ending / Contribution records","true","[]"
"1525:18886","Bill ending / Bill history","I1525:18891;1495:18436","Primary","Back to bills","true","NAVIGATE","714:2708","Bills / Home","true","[]"
"1528:18888","Bill ending / September payment record","1528:18889","Back","‹","true","NAVIGATE","1525:18886","Bill ending / Bill history","true","[]"
"1528:18888","Bill ending / September payment record","I1528:18893;1495:18436","Primary","Back to bill history","true","NAVIGATE","1525:18886","Bill ending / Bill history","true","[]"
"1528:19006","Bill ending / August payment record","1528:19007","Back","‹","true","NAVIGATE","1525:18886","Bill ending / Bill history","true","[]"
"1528:19006","Bill ending / August payment record","I1528:19011;1495:18436","Primary","Back to bill history","true","NAVIGATE","1525:18886","Bill ending / Bill history","true","[]"
"1528:19124","Bill ending / July payment record","1528:19125","Back","‹","true","NAVIGATE","1525:18886","Bill ending / Bill history","true","[]"
"1528:19124","Bill ending / July payment record","I1528:19129;1495:18436","Primary","Back to bill history","true","NAVIGATE","1525:18886","Bill ending / Bill history","true","[]"
"1528:19242","Bill ending / Contribution records","1528:19243","Back","‹","true","NAVIGATE","1525:18886","Bill ending / Bill history","true","[]"
"1528:19242","Bill ending / Contribution records","I1528:19247;1495:18436","Primary","Back to bill history","true","NAVIGATE","1525:18886","Bill ending / Bill history","true","[]"
"1540:19118","Profile / Member profile","1540:19137","Profile / Contribution summary","Contribution track record | Based on Potluck activity | Very reliable | 23 of 24 contributions on time | Past 12 months","true","NAVIGATE","1540:19120","Profile / Contribution track record","true","[]"
"1540:19118","Profile / Member profile","1540:19149","Profile / Review summary","Member reviews | 4.8 | 18 reviews | Feedback from people Jordan has shared with. | Read reviews  ›","true","NAVIGATE","1540:19122","Profile / Member reviews","true","[]"
"1540:19118","Profile / Member profile","I1540:19124;1540:19068","Back","‹","true","BACK","","null","false","[]"
"1540:19118","Profile / Member profile","1540:19330","Message Jordan","Message Jordan","true","NAVIGATE","1209:8012","Splitfinder / Regular Direct","true","[]"
"1540:19120","Profile / Contribution track record","I1540:19179;1540:19068","Back","‹","true","NAVIGATE","1540:19118","Profile / Member profile","true","[]"
"1540:19120","Profile / Contribution track record","1540:19230","Footer action","Back to profile","true","NAVIGATE","1540:19118","Profile / Member profile","true","[]"
"1540:19122","Profile / Member reviews","I1540:19247;1540:19068","Back","‹","true","NAVIGATE","1540:19118","Profile / Member profile","true","[]"
"1540:19122","Profile / Member reviews","1540:19312","Footer action","Back to profile","true","NAVIGATE","1540:19118","Profile / Member profile","true","[]"
"1555:19881","Bill host / Proposal responses / Waiting for Maya","1555:19882","Back","‹","true","NAVIGATE","218:314","Circle Detail / Overview","true","[]"
"1555:19881","Bill host / Proposal responses / Waiting for Maya","I1555:19886;1370:12276","Primary","View proposal","true","NAVIGATE","1408:12212","Bill host / Allocation proposal sent","true","[]"
"1555:19881","Bill host / Proposal responses / Waiting for Maya","I1555:19886;1370:12279","Secondary","Back to bills","true","NAVIGATE","714:2708","Bills / Home","true","[]"